year,month,country,revenue_mad_millions
2001,1,France,0.419
2001,1,Espagne,0.251
2001,1,Royaume-Uni,0.101
2001,1,Italie,0.084
2001,1,Allemagne,0.084
2001,1,États-Unis,0.067
2001,1,Belgique,0.05
2001,1,Pays-Bas,0.05
2001,1,Brésil,0.034
2001,1,Canada,0.034
2001,2,France,0.337
2001,2,Espagne,0.202
2001,2,Royaume-Uni,0.081
2001,2,Italie,0.067
2001,2,Allemagne,0.067
2001,2,États-Unis,0.054
2001,2,Belgique,0.04
2001,2,Pays-Bas,0.04
2001,2,Brésil,0.027
2001,2,Canada,0.027
2001,3,France,0.502
2001,3,Espagne,0.301
2001,3,Royaume-Uni,0.12
2001,3,Italie,0.1
2001,3,Allemagne,0.1
2001,3,États-Unis,0.08
2001,3,Belgique,0.06
2001,3,Pays-Bas,0.06
2001,3,Brésil,0.04
2001,3,Canada,0.04
2001,4,France,0.613
2001,4,Espagne,0.368
2001,4,Royaume-Uni,0.147
2001,4,Italie,0.123
2001,4,Allemagne,0.123
2001,4,États-Unis,0.098
2001,4,Belgique,0.074
2001,4,Pays-Bas,0.074
2001,4,Brésil,0.049
2001,4,Canada,0.049
2001,5,France,0.581
2001,5,Espagne,0.349
2001,5,Royaume-Uni,0.139
2001,5,Italie,0.116
2001,5,Allemagne,0.116
2001,5,États-Unis,0.093
2001,5,Belgique,0.07
2001,5,Pays-Bas,0.07
2001,5,Brésil,0.046
2001,5,Canada,0.046
2001,6,France,0.47
2001,6,Espagne,0.282
2001,6,Royaume-Uni,0.113
2001,6,Italie,0.094
2001,6,Allemagne,0.094
2001,6,États-Unis,0.075
2001,6,Belgique,0.056
2001,6,Pays-Bas,0.056
2001,6,Brésil,0.038
2001,6,Canada,0.038
2001,7,France,0.791
2001,7,Espagne,0.475
2001,7,Royaume-Uni,0.19
2001,7,Italie,0.158
2001,7,Allemagne,0.158
2001,7,États-Unis,0.127
2001,7,Belgique,0.095
2001,7,Pays-Bas,0.095
2001,7,Brésil,0.063
2001,7,Canada,0.063
2001,8,France,1.049
2001,8,Espagne,0.63
2001,8,Royaume-Uni,0.252
2001,8,Italie,0.21
2001,8,Allemagne,0.21
2001,8,États-Unis,0.168
2001,8,Belgique,0.126
2001,8,Pays-Bas,0.126
2001,8,Brésil,0.084
2001,8,Canada,0.084
2001,9,France,0.664
2001,9,Espagne,0.398
2001,9,Royaume-Uni,0.159
2001,9,Italie,0.133
2001,9,Allemagne,0.133
2001,9,États-Unis,0.106
2001,9,Belgique,0.08
2001,9,Pays-Bas,0.08
2001,9,Brésil,0.053
2001,9,Canada,0.053
2001,10,France,0.633
2001,10,Espagne,0.38
2001,10,Royaume-Uni,0.152
2001,10,Italie,0.127
2001,10,Allemagne,0.127
2001,10,États-Unis,0.101
2001,10,Belgique,0.076
2001,10,Pays-Bas,0.076
2001,10,Brésil,0.051
2001,10,Canada,0.051
2001,11,France,0.513
2001,11,Espagne,0.308
2001,11,Royaume-Uni,0.123
2001,11,Italie,0.103
2001,11,Allemagne,0.103
2001,11,États-Unis,0.082
2001,11,Belgique,0.062
2001,11,Pays-Bas,0.062
2001,11,Brésil,0.041
2001,11,Canada,0.041
2001,12,France,0.537
2001,12,Espagne,0.322
2001,12,Royaume-Uni,0.129
2001,12,Italie,0.107
2001,12,Allemagne,0.107
2001,12,États-Unis,0.086
2001,12,Belgique,0.064
2001,12,Pays-Bas,0.064
2001,12,Brésil,0.043
2001,12,Canada,0.043
2002,1,France,0.437
2002,1,Espagne,0.262
2002,1,Royaume-Uni,0.105
2002,1,Italie,0.087
2002,1,Allemagne,0.087
2002,1,États-Unis,0.07
2002,1,Belgique,0.052
2002,1,Pays-Bas,0.052
2002,1,Brésil,0.035
2002,1,Canada,0.035
2002,2,France,0.338
2002,2,Espagne,0.203
2002,2,Royaume-Uni,0.081
2002,2,Italie,0.068
2002,2,Allemagne,0.068
2002,2,États-Unis,0.054
2002,2,Belgique,0.041
2002,2,Pays-Bas,0.041
2002,2,Brésil,0.027
2002,2,Canada,0.027
2002,3,France,0.505
2002,3,Espagne,0.303
2002,3,Royaume-Uni,0.121
2002,3,Italie,0.101
2002,3,Allemagne,0.101
2002,3,États-Unis,0.081
2002,3,Belgique,0.061
2002,3,Pays-Bas,0.061
2002,3,Brésil,0.04
2002,3,Canada,0.04
2002,4,France,0.578
2002,4,Espagne,0.347
2002,4,Royaume-Uni,0.139
2002,4,Italie,0.116
2002,4,Allemagne,0.116
2002,4,États-Unis,0.092
2002,4,Belgique,0.069
2002,4,Pays-Bas,0.069
2002,4,Brésil,0.046
2002,4,Canada,0.046
2002,5,France,0.571
2002,5,Espagne,0.343
2002,5,Royaume-Uni,0.137
2002,5,Italie,0.114
2002,5,Allemagne,0.114
2002,5,États-Unis,0.091
2002,5,Belgique,0.069
2002,5,Pays-Bas,0.069
2002,5,Brésil,0.046
2002,5,Canada,0.046
2002,6,France,0.569
2002,6,Espagne,0.342
2002,6,Royaume-Uni,0.137
2002,6,Italie,0.114
2002,6,Allemagne,0.114
2002,6,États-Unis,0.091
2002,6,Belgique,0.068
2002,6,Pays-Bas,0.068
2002,6,Brésil,0.046
2002,6,Canada,0.046
2002,7,France,1.011
2002,7,Espagne,0.606
2002,7,Royaume-Uni,0.243
2002,7,Italie,0.202
2002,7,Allemagne,0.202
2002,7,États-Unis,0.162
2002,7,Belgique,0.121
2002,7,Pays-Bas,0.121
2002,7,Brésil,0.081
2002,7,Canada,0.081
2002,8,France,1.054
2002,8,Espagne,0.633
2002,8,Royaume-Uni,0.253
2002,8,Italie,0.211
2002,8,Allemagne,0.211
2002,8,États-Unis,0.169
2002,8,Belgique,0.127
2002,8,Pays-Bas,0.127
2002,8,Brésil,0.084
2002,8,Canada,0.084
2002,9,France,0.758
2002,9,Espagne,0.455
2002,9,Royaume-Uni,0.182
2002,9,Italie,0.152
2002,9,Allemagne,0.152
2002,9,États-Unis,0.121
2002,9,Belgique,0.091
2002,9,Pays-Bas,0.091
2002,9,Brésil,0.061
2002,9,Canada,0.061
2002,10,France,0.742
2002,10,Espagne,0.445
2002,10,Royaume-Uni,0.178
2002,10,Italie,0.148
2002,10,Allemagne,0.148
2002,10,États-Unis,0.119
2002,10,Belgique,0.089
2002,10,Pays-Bas,0.089
2002,10,Brésil,0.059
2002,10,Canada,0.059
2002,11,France,0.537
2002,11,Espagne,0.322
2002,11,Royaume-Uni,0.129
2002,11,Italie,0.107
2002,11,Allemagne,0.107
2002,11,États-Unis,0.086
2002,11,Belgique,0.064
2002,11,Pays-Bas,0.064
2002,11,Brésil,0.043
2002,11,Canada,0.043
2002,12,France,0.553
2002,12,Espagne,0.332
2002,12,Royaume-Uni,0.133
2002,12,Italie,0.111
2002,12,Allemagne,0.111
2002,12,États-Unis,0.088
2002,12,Belgique,0.066
2002,12,Pays-Bas,0.066
2002,12,Brésil,0.044
2002,12,Canada,0.044
2003,1,France,0.438
2003,1,Espagne,0.263
2003,1,Royaume-Uni,0.105
2003,1,Italie,0.088
2003,1,Allemagne,0.088
2003,1,États-Unis,0.07
2003,1,Belgique,0.053
2003,1,Pays-Bas,0.053
2003,1,Brésil,0.035
2003,1,Canada,0.035
2003,2,France,0.398
2003,2,Espagne,0.239
2003,2,Royaume-Uni,0.096
2003,2,Italie,0.08
2003,2,Allemagne,0.08
2003,2,États-Unis,0.064
2003,2,Belgique,0.048
2003,2,Pays-Bas,0.048
2003,2,Brésil,0.032
2003,2,Canada,0.032
2003,3,France,0.555
2003,3,Espagne,0.333
2003,3,Royaume-Uni,0.133
2003,3,Italie,0.111
2003,3,Allemagne,0.111
2003,3,États-Unis,0.089
2003,3,Belgique,0.067
2003,3,Pays-Bas,0.067
2003,3,Brésil,0.044
2003,3,Canada,0.044
2003,4,France,0.576
2003,4,Espagne,0.346
2003,4,Royaume-Uni,0.138
2003,4,Italie,0.115
2003,4,Allemagne,0.115
2003,4,États-Unis,0.092
2003,4,Belgique,0.069
2003,4,Pays-Bas,0.069
2003,4,Brésil,0.046
2003,4,Canada,0.046
2003,5,France,0.663
2003,5,Espagne,0.398
2003,5,Royaume-Uni,0.159
2003,5,Italie,0.133
2003,5,Allemagne,0.133
2003,5,États-Unis,0.106
2003,5,Belgique,0.08
2003,5,Pays-Bas,0.08
2003,5,Brésil,0.053
2003,5,Canada,0.053
2003,6,France,0.623
2003,6,Espagne,0.374
2003,6,Royaume-Uni,0.149
2003,6,Italie,0.125
2003,6,Allemagne,0.125
2003,6,États-Unis,0.1
2003,6,Belgique,0.075
2003,6,Pays-Bas,0.075
2003,6,Brésil,0.05
2003,6,Canada,0.05
2003,7,France,0.938
2003,7,Espagne,0.563
2003,7,Royaume-Uni,0.225
2003,7,Italie,0.188
2003,7,Allemagne,0.188
2003,7,États-Unis,0.15
2003,7,Belgique,0.113
2003,7,Pays-Bas,0.113
2003,7,Brésil,0.075
2003,7,Canada,0.075
2003,8,France,1.045
2003,8,Espagne,0.627
2003,8,Royaume-Uni,0.251
2003,8,Italie,0.209
2003,8,Allemagne,0.209
2003,8,États-Unis,0.167
2003,8,Belgique,0.125
2003,8,Pays-Bas,0.125
2003,8,Brésil,0.084
2003,8,Canada,0.084
2003,9,France,0.73
2003,9,Espagne,0.438
2003,9,Royaume-Uni,0.175
2003,9,Italie,0.146
2003,9,Allemagne,0.146
2003,9,États-Unis,0.117
2003,9,Belgique,0.088
2003,9,Pays-Bas,0.088
2003,9,Brésil,0.058
2003,9,Canada,0.058
2003,10,France,0.656
2003,10,Espagne,0.394
2003,10,Royaume-Uni,0.158
2003,10,Italie,0.131
2003,10,Allemagne,0.131
2003,10,États-Unis,0.105
2003,10,Belgique,0.079
2003,10,Pays-Bas,0.079
2003,10,Brésil,0.053
2003,10,Canada,0.053
2003,11,France,0.502
2003,11,Espagne,0.301
2003,11,Royaume-Uni,0.12
2003,11,Italie,0.1
2003,11,Allemagne,0.1
2003,11,États-Unis,0.08
2003,11,Belgique,0.06
2003,11,Pays-Bas,0.06
2003,11,Brésil,0.04
2003,11,Canada,0.04
2003,12,France,0.527
2003,12,Espagne,0.316
2003,12,Royaume-Uni,0.127
2003,12,Italie,0.105
2003,12,Allemagne,0.105
2003,12,États-Unis,0.084
2003,12,Belgique,0.063
2003,12,Pays-Bas,0.063
2003,12,Brésil,0.042
2003,12,Canada,0.042
2004,1,France,0.588
2004,1,Espagne,0.353
2004,1,Royaume-Uni,0.141
2004,1,Italie,0.118
2004,1,Allemagne,0.118
2004,1,États-Unis,0.094
2004,1,Belgique,0.071
2004,1,Pays-Bas,0.071
2004,1,Brésil,0.047
2004,1,Canada,0.047
2004,2,France,0.434
2004,2,Espagne,0.261
2004,2,Royaume-Uni,0.104
2004,2,Italie,0.087
2004,2,Allemagne,0.087
2004,2,États-Unis,0.069
2004,2,Belgique,0.052
2004,2,Pays-Bas,0.052
2004,2,Brésil,0.035
2004,2,Canada,0.035
2004,3,France,0.561
2004,3,Espagne,0.337
2004,3,Royaume-Uni,0.135
2004,3,Italie,0.112
2004,3,Allemagne,0.112
2004,3,États-Unis,0.09
2004,3,Belgique,0.067
2004,3,Pays-Bas,0.067
2004,3,Brésil,0.045
2004,3,Canada,0.045
2004,4,France,0.779
2004,4,Espagne,0.468
2004,4,Royaume-Uni,0.187
2004,4,Italie,0.156
2004,4,Allemagne,0.156
2004,4,États-Unis,0.125
2004,4,Belgique,0.094
2004,4,Pays-Bas,0.094
2004,4,Brésil,0.062
2004,4,Canada,0.062
2004,5,France,0.687
2004,5,Espagne,0.412
2004,5,Royaume-Uni,0.165
2004,5,Italie,0.137
2004,5,Allemagne,0.137
2004,5,États-Unis,0.11
2004,5,Belgique,0.082
2004,5,Pays-Bas,0.082
2004,5,Brésil,0.055
2004,5,Canada,0.055
2004,6,France,0.671
2004,6,Espagne,0.403
2004,6,Royaume-Uni,0.161
2004,6,Italie,0.134
2004,6,Allemagne,0.134
2004,6,États-Unis,0.107
2004,6,Belgique,0.081
2004,6,Pays-Bas,0.081
2004,6,Brésil,0.054
2004,6,Canada,0.054
2004,7,France,1.008
2004,7,Espagne,0.605
2004,7,Royaume-Uni,0.242
2004,7,Italie,0.202
2004,7,Allemagne,0.202
2004,7,États-Unis,0.161
2004,7,Belgique,0.121
2004,7,Pays-Bas,0.121
2004,7,Brésil,0.081
2004,7,Canada,0.081
2004,8,France,1.084
2004,8,Espagne,0.651
2004,8,Royaume-Uni,0.26
2004,8,Italie,0.217
2004,8,Allemagne,0.217
2004,8,États-Unis,0.174
2004,8,Belgique,0.13
2004,8,Pays-Bas,0.13
2004,8,Brésil,0.087
2004,8,Canada,0.087
2004,9,France,0.797
2004,9,Espagne,0.478
2004,9,Royaume-Uni,0.191
2004,9,Italie,0.159
2004,9,Allemagne,0.159
2004,9,États-Unis,0.128
2004,9,Belgique,0.096
2004,9,Pays-Bas,0.096
2004,9,Brésil,0.064
2004,9,Canada,0.064
2004,10,France,0.747
2004,10,Espagne,0.448
2004,10,Royaume-Uni,0.179
2004,10,Italie,0.149
2004,10,Allemagne,0.149
2004,10,États-Unis,0.12
2004,10,Belgique,0.09
2004,10,Pays-Bas,0.09
2004,10,Brésil,0.06
2004,10,Canada,0.06
2004,11,France,0.622
2004,11,Espagne,0.373
2004,11,Royaume-Uni,0.149
2004,11,Italie,0.124
2004,11,Allemagne,0.124
2004,11,États-Unis,0.1
2004,11,Belgique,0.075
2004,11,Pays-Bas,0.075
2004,11,Brésil,0.05
2004,11,Canada,0.05
2004,12,France,0.65
2004,12,Espagne,0.39
2004,12,Royaume-Uni,0.156
2004,12,Italie,0.13
2004,12,Allemagne,0.13
2004,12,États-Unis,0.104
2004,12,Belgique,0.078
2004,12,Pays-Bas,0.078
2004,12,Brésil,0.052
2004,12,Canada,0.052
2005,1,France,0.642
2005,1,Espagne,0.385
2005,1,Royaume-Uni,0.154
2005,1,Italie,0.128
2005,1,Allemagne,0.128
2005,1,États-Unis,0.103
2005,1,Belgique,0.077
2005,1,Pays-Bas,0.077
2005,1,Brésil,0.051
2005,1,Canada,0.051
2005,2,France,0.503
2005,2,Espagne,0.302
2005,2,Royaume-Uni,0.121
2005,2,Italie,0.101
2005,2,Allemagne,0.101
2005,2,États-Unis,0.08
2005,2,Belgique,0.06
2005,2,Pays-Bas,0.06
2005,2,Brésil,0.04
2005,2,Canada,0.04
2005,3,France,0.656
2005,3,Espagne,0.394
2005,3,Royaume-Uni,0.158
2005,3,Italie,0.131
2005,3,Allemagne,0.131
2005,3,États-Unis,0.105
2005,3,Belgique,0.079
2005,3,Pays-Bas,0.079
2005,3,Brésil,0.053
2005,3,Canada,0.053
2005,4,France,0.863
2005,4,Espagne,0.518
2005,4,Royaume-Uni,0.207
2005,4,Italie,0.173
2005,4,Allemagne,0.173
2005,4,États-Unis,0.138
2005,4,Belgique,0.104
2005,4,Pays-Bas,0.104
2005,4,Brésil,0.069
2005,4,Canada,0.069
2005,5,France,0.7
2005,5,Espagne,0.42
2005,5,Royaume-Uni,0.168
2005,5,Italie,0.14
2005,5,Allemagne,0.14
2005,5,États-Unis,0.112
2005,5,Belgique,0.084
2005,5,Pays-Bas,0.084
2005,5,Brésil,0.056
2005,5,Canada,0.056
2005,6,France,0.719
2005,6,Espagne,0.431
2005,6,Royaume-Uni,0.172
2005,6,Italie,0.144
2005,6,Allemagne,0.144
2005,6,États-Unis,0.115
2005,6,Belgique,0.086
2005,6,Pays-Bas,0.086
2005,6,Brésil,0.057
2005,6,Canada,0.057
2005,7,France,1.121
2005,7,Espagne,0.672
2005,7,Royaume-Uni,0.269
2005,7,Italie,0.224
2005,7,Allemagne,0.224
2005,7,États-Unis,0.179
2005,7,Belgique,0.134
2005,7,Pays-Bas,0.134
2005,7,Brésil,0.09
2005,7,Canada,0.09
2005,8,France,1.382
2005,8,Espagne,0.829
2005,8,Royaume-Uni,0.332
2005,8,Italie,0.276
2005,8,Allemagne,0.276
2005,8,États-Unis,0.221
2005,8,Belgique,0.166
2005,8,Pays-Bas,0.166
2005,8,Brésil,0.111
2005,8,Canada,0.111
2005,9,France,0.979
2005,9,Espagne,0.587
2005,9,Royaume-Uni,0.235
2005,9,Italie,0.196
2005,9,Allemagne,0.196
2005,9,États-Unis,0.157
2005,9,Belgique,0.117
2005,9,Pays-Bas,0.117
2005,9,Brésil,0.078
2005,9,Canada,0.078
2005,10,France,0.781
2005,10,Espagne,0.469
2005,10,Royaume-Uni,0.187
2005,10,Italie,0.156
2005,10,Allemagne,0.156
2005,10,États-Unis,0.125
2005,10,Belgique,0.094
2005,10,Pays-Bas,0.094
2005,10,Brésil,0.062
2005,10,Canada,0.062
2005,11,France,0.67
2005,11,Espagne,0.402
2005,11,Royaume-Uni,0.161
2005,11,Italie,0.134
2005,11,Allemagne,0.134
2005,11,États-Unis,0.107
2005,11,Belgique,0.08
2005,11,Pays-Bas,0.08
2005,11,Brésil,0.054
2005,11,Canada,0.054
2005,12,France,0.756
2005,12,Espagne,0.453
2005,12,Royaume-Uni,0.181
2005,12,Italie,0.151
2005,12,Allemagne,0.151
2005,12,États-Unis,0.121
2005,12,Belgique,0.091
2005,12,Pays-Bas,0.091
2005,12,Brésil,0.06
2005,12,Canada,0.06
2006,1,France,0.677
2006,1,Espagne,0.406
2006,1,Royaume-Uni,0.162
2006,1,Italie,0.135
2006,1,Allemagne,0.135
2006,1,États-Unis,0.108
2006,1,Belgique,0.081
2006,1,Pays-Bas,0.081
2006,1,Brésil,0.054
2006,1,Canada,0.054
2006,2,France,0.477
2006,2,Espagne,0.286
2006,2,Royaume-Uni,0.114
2006,2,Italie,0.095
2006,2,Allemagne,0.095
2006,2,États-Unis,0.076
2006,2,Belgique,0.057
2006,2,Pays-Bas,0.057
2006,2,Brésil,0.038
2006,2,Canada,0.038
2006,3,France,0.733
2006,3,Espagne,0.44
2006,3,Royaume-Uni,0.176
2006,3,Italie,0.147
2006,3,Allemagne,0.147
2006,3,États-Unis,0.117
2006,3,Belgique,0.088
2006,3,Pays-Bas,0.088
2006,3,Brésil,0.059
2006,3,Canada,0.059
2006,4,France,0.923
2006,4,Espagne,0.554
2006,4,Royaume-Uni,0.222
2006,4,Italie,0.185
2006,4,Allemagne,0.185
2006,4,États-Unis,0.148
2006,4,Belgique,0.111
2006,4,Pays-Bas,0.111
2006,4,Brésil,0.074
2006,4,Canada,0.074
2006,5,France,0.961
2006,5,Espagne,0.577
2006,5,Royaume-Uni,0.231
2006,5,Italie,0.192
2006,5,Allemagne,0.192
2006,5,États-Unis,0.154
2006,5,Belgique,0.115
2006,5,Pays-Bas,0.115
2006,5,Brésil,0.077
2006,5,Canada,0.077
2006,6,France,0.733
2006,6,Espagne,0.44
2006,6,Royaume-Uni,0.176
2006,6,Italie,0.147
2006,6,Allemagne,0.147
2006,6,États-Unis,0.117
2006,6,Belgique,0.088
2006,6,Pays-Bas,0.088
2006,6,Brésil,0.059
2006,6,Canada,0.059
2006,7,France,1.145
2006,7,Espagne,0.687
2006,7,Royaume-Uni,0.275
2006,7,Italie,0.229
2006,7,Allemagne,0.229
2006,7,États-Unis,0.183
2006,7,Belgique,0.137
2006,7,Pays-Bas,0.137
2006,7,Brésil,0.092
2006,7,Canada,0.092
2006,8,France,1.41
2006,8,Espagne,0.846
2006,8,Royaume-Uni,0.338
2006,8,Italie,0.282
2006,8,Allemagne,0.282
2006,8,États-Unis,0.226
2006,8,Belgique,0.169
2006,8,Pays-Bas,0.169
2006,8,Brésil,0.113
2006,8,Canada,0.113
2006,9,France,1.192
2006,9,Espagne,0.715
2006,9,Royaume-Uni,0.286
2006,9,Italie,0.238
2006,9,Allemagne,0.238
2006,9,États-Unis,0.191
2006,9,Belgique,0.143
2006,9,Pays-Bas,0.143
2006,9,Brésil,0.095
2006,9,Canada,0.095
2006,10,France,1.033
2006,10,Espagne,0.62
2006,10,Royaume-Uni,0.248
2006,10,Italie,0.207
2006,10,Allemagne,0.207
2006,10,États-Unis,0.165
2006,10,Belgique,0.124
2006,10,Pays-Bas,0.124
2006,10,Brésil,0.083
2006,10,Canada,0.083
2006,11,France,0.678
2006,11,Espagne,0.407
2006,11,Royaume-Uni,0.163
2006,11,Italie,0.136
2006,11,Allemagne,0.136
2006,11,États-Unis,0.109
2006,11,Belgique,0.081
2006,11,Pays-Bas,0.081
2006,11,Brésil,0.054
2006,11,Canada,0.054
2006,12,France,0.781
2006,12,Espagne,0.469
2006,12,Royaume-Uni,0.187
2006,12,Italie,0.156
2006,12,Allemagne,0.156
2006,12,États-Unis,0.125
2006,12,Belgique,0.094
2006,12,Pays-Bas,0.094
2006,12,Brésil,0.062
2006,12,Canada,0.062
2007,1,France,0.671
2007,1,Espagne,0.403
2007,1,Royaume-Uni,0.161
2007,1,Italie,0.134
2007,1,Allemagne,0.134
2007,1,États-Unis,0.107
2007,1,Belgique,0.081
2007,1,Pays-Bas,0.081
2007,1,Brésil,0.054
2007,1,Canada,0.054
2007,2,France,0.594
2007,2,Espagne,0.356
2007,2,Royaume-Uni,0.143
2007,2,Italie,0.119
2007,2,Allemagne,0.119
2007,2,États-Unis,0.095
2007,2,Belgique,0.071
2007,2,Pays-Bas,0.071
2007,2,Brésil,0.048
2007,2,Canada,0.048
2007,3,France,0.806
2007,3,Espagne,0.483
2007,3,Royaume-Uni,0.193
2007,3,Italie,0.161
2007,3,Allemagne,0.161
2007,3,États-Unis,0.129
2007,3,Belgique,0.097
2007,3,Pays-Bas,0.097
2007,3,Brésil,0.064
2007,3,Canada,0.064
2007,4,France,1.08
2007,4,Espagne,0.648
2007,4,Royaume-Uni,0.259
2007,4,Italie,0.216
2007,4,Allemagne,0.216
2007,4,États-Unis,0.173
2007,4,Belgique,0.13
2007,4,Pays-Bas,0.13
2007,4,Brésil,0.086
2007,4,Canada,0.086
2007,5,France,0.899
2007,5,Espagne,0.539
2007,5,Royaume-Uni,0.216
2007,5,Italie,0.18
2007,5,Allemagne,0.18
2007,5,États-Unis,0.144
2007,5,Belgique,0.108
2007,5,Pays-Bas,0.108
2007,5,Brésil,0.072
2007,5,Canada,0.072
2007,6,France,0.856
2007,6,Espagne,0.514
2007,6,Royaume-Uni,0.205
2007,6,Italie,0.171
2007,6,Allemagne,0.171
2007,6,États-Unis,0.137
2007,6,Belgique,0.103
2007,6,Pays-Bas,0.103
2007,6,Brésil,0.068
2007,6,Canada,0.068
2007,7,France,1.376
2007,7,Espagne,0.826
2007,7,Royaume-Uni,0.33
2007,7,Italie,0.275
2007,7,Allemagne,0.275
2007,7,États-Unis,0.22
2007,7,Belgique,0.165
2007,7,Pays-Bas,0.165
2007,7,Brésil,0.11
2007,7,Canada,0.11
2007,8,France,1.576
2007,8,Espagne,0.945
2007,8,Royaume-Uni,0.378
2007,8,Italie,0.315
2007,8,Allemagne,0.315
2007,8,États-Unis,0.252
2007,8,Belgique,0.189
2007,8,Pays-Bas,0.189
2007,8,Brésil,0.126
2007,8,Canada,0.126
2007,9,France,1.116
2007,9,Espagne,0.67
2007,9,Royaume-Uni,0.268
2007,9,Italie,0.223
2007,9,Allemagne,0.223
2007,9,États-Unis,0.179
2007,9,Belgique,0.134
2007,9,Pays-Bas,0.134
2007,9,Brésil,0.089
2007,9,Canada,0.089
2007,10,France,1.02
2007,10,Espagne,0.612
2007,10,Royaume-Uni,0.245
2007,10,Italie,0.204
2007,10,Allemagne,0.204
2007,10,États-Unis,0.163
2007,10,Belgique,0.122
2007,10,Pays-Bas,0.122
2007,10,Brésil,0.082
2007,10,Canada,0.082
2007,11,France,0.898
2007,11,Espagne,0.539
2007,11,Royaume-Uni,0.216
2007,11,Italie,0.18
2007,11,Allemagne,0.18
2007,11,États-Unis,0.144
2007,11,Belgique,0.108
2007,11,Pays-Bas,0.108
2007,11,Brésil,0.072
2007,11,Canada,0.072
2007,12,France,0.941
2007,12,Espagne,0.565
2007,12,Royaume-Uni,0.226
2007,12,Italie,0.188
2007,12,Allemagne,0.188
2007,12,États-Unis,0.151
2007,12,Belgique,0.113
2007,12,Pays-Bas,0.113
2007,12,Brésil,0.075
2007,12,Canada,0.075
2008,1,France,0.822
2008,1,Espagne,0.493
2008,1,Royaume-Uni,0.197
2008,1,Italie,0.164
2008,1,Allemagne,0.164
2008,1,États-Unis,0.132
2008,1,Belgique,0.099
2008,1,Pays-Bas,0.099
2008,1,Brésil,0.066
2008,1,Canada,0.066
2008,2,France,0.701
2008,2,Espagne,0.421
2008,2,Royaume-Uni,0.168
2008,2,Italie,0.14
2008,2,Allemagne,0.14
2008,2,États-Unis,0.112
2008,2,Belgique,0.084
2008,2,Pays-Bas,0.084
2008,2,Brésil,0.056
2008,2,Canada,0.056
2008,3,France,0.987
2008,3,Espagne,0.592
2008,3,Royaume-Uni,0.237
2008,3,Italie,0.197
2008,3,Allemagne,0.197
2008,3,États-Unis,0.158
2008,3,Belgique,0.118
2008,3,Pays-Bas,0.118
2008,3,Brésil,0.079
2008,3,Canada,0.079
2008,4,France,1.027
2008,4,Espagne,0.616
2008,4,Royaume-Uni,0.246
2008,4,Italie,0.205
2008,4,Allemagne,0.205
2008,4,États-Unis,0.164
2008,4,Belgique,0.123
2008,4,Pays-Bas,0.123
2008,4,Brésil,0.082
2008,4,Canada,0.082
2008,5,France,1.123
2008,5,Espagne,0.674
2008,5,Royaume-Uni,0.27
2008,5,Italie,0.225
2008,5,Allemagne,0.225
2008,5,États-Unis,0.18
2008,5,Belgique,0.135
2008,5,Pays-Bas,0.135
2008,5,Brésil,0.09
2008,5,Canada,0.09
2008,6,France,0.851
2008,6,Espagne,0.51
2008,6,Royaume-Uni,0.204
2008,6,Italie,0.17
2008,6,Allemagne,0.17
2008,6,États-Unis,0.136
2008,6,Belgique,0.102
2008,6,Pays-Bas,0.102
2008,6,Brésil,0.068
2008,6,Canada,0.068
2008,7,France,1.461
2008,7,Espagne,0.877
2008,7,Royaume-Uni,0.351
2008,7,Italie,0.292
2008,7,Allemagne,0.292
2008,7,États-Unis,0.234
2008,7,Belgique,0.175
2008,7,Pays-Bas,0.175
2008,7,Brésil,0.117
2008,7,Canada,0.117
2008,8,France,2.065
2008,8,Espagne,1.239
2008,8,Royaume-Uni,0.496
2008,8,Italie,0.413
2008,8,Allemagne,0.413
2008,8,États-Unis,0.33
2008,8,Belgique,0.248
2008,8,Pays-Bas,0.248
2008,8,Brésil,0.165
2008,8,Canada,0.165
2008,9,France,1.205
2008,9,Espagne,0.723
2008,9,Royaume-Uni,0.289
2008,9,Italie,0.241
2008,9,Allemagne,0.241
2008,9,États-Unis,0.193
2008,9,Belgique,0.145
2008,9,Pays-Bas,0.145
2008,9,Brésil,0.096
2008,9,Canada,0.096
2008,10,France,1.203
2008,10,Espagne,0.722
2008,10,Royaume-Uni,0.289
2008,10,Italie,0.241
2008,10,Allemagne,0.241
2008,10,États-Unis,0.193
2008,10,Belgique,0.144
2008,10,Pays-Bas,0.144
2008,10,Brésil,0.096
2008,10,Canada,0.096
2008,11,France,0.844
2008,11,Espagne,0.507
2008,11,Royaume-Uni,0.203
2008,11,Italie,0.169
2008,11,Allemagne,0.169
2008,11,États-Unis,0.135
2008,11,Belgique,0.101
2008,11,Pays-Bas,0.101
2008,11,Brésil,0.068
2008,11,Canada,0.068
2008,12,France,0.861
2008,12,Espagne,0.517
2008,12,Royaume-Uni,0.207
2008,12,Italie,0.172
2008,12,Allemagne,0.172
2008,12,États-Unis,0.138
2008,12,Belgique,0.103
2008,12,Pays-Bas,0.103
2008,12,Brésil,0.069
2008,12,Canada,0.069
2009,1,France,0.709
2009,1,Espagne,0.425
2009,1,Royaume-Uni,0.17
2009,1,Italie,0.142
2009,1,Allemagne,0.142
2009,1,États-Unis,0.113
2009,1,Belgique,0.085
2009,1,Pays-Bas,0.085
2009,1,Brésil,0.057
2009,1,Canada,0.057
2009,2,France,0.517
2009,2,Espagne,0.31
2009,2,Royaume-Uni,0.124
2009,2,Italie,0.103
2009,2,Allemagne,0.103
2009,2,États-Unis,0.083
2009,2,Belgique,0.062
2009,2,Pays-Bas,0.062
2009,2,Brésil,0.041
2009,2,Canada,0.041
2009,3,France,0.842
2009,3,Espagne,0.505
2009,3,Royaume-Uni,0.202
2009,3,Italie,0.168
2009,3,Allemagne,0.168
2009,3,États-Unis,0.135
2009,3,Belgique,0.101
2009,3,Pays-Bas,0.101
2009,3,Brésil,0.067
2009,3,Canada,0.067
2009,4,France,0.985
2009,4,Espagne,0.591
2009,4,Royaume-Uni,0.236
2009,4,Italie,0.197
2009,4,Allemagne,0.197
2009,4,États-Unis,0.158
2009,4,Belgique,0.118
2009,4,Pays-Bas,0.118
2009,4,Brésil,0.079
2009,4,Canada,0.079
2009,5,France,0.817
2009,5,Espagne,0.49
2009,5,Royaume-Uni,0.196
2009,5,Italie,0.163
2009,5,Allemagne,0.163
2009,5,États-Unis,0.131
2009,5,Belgique,0.098
2009,5,Pays-Bas,0.098
2009,5,Brésil,0.065
2009,5,Canada,0.065
2009,6,France,0.834
2009,6,Espagne,0.5
2009,6,Royaume-Uni,0.2
2009,6,Italie,0.167
2009,6,Allemagne,0.167
2009,6,États-Unis,0.133
2009,6,Belgique,0.1
2009,6,Pays-Bas,0.1
2009,6,Brésil,0.067
2009,6,Canada,0.067
2009,7,France,1.401
2009,7,Espagne,0.841
2009,7,Royaume-Uni,0.336
2009,7,Italie,0.28
2009,7,Allemagne,0.28
2009,7,États-Unis,0.224
2009,7,Belgique,0.168
2009,7,Pays-Bas,0.168
2009,7,Brésil,0.112
2009,7,Canada,0.112
2009,8,France,1.564
2009,8,Espagne,0.938
2009,8,Royaume-Uni,0.375
2009,8,Italie,0.313
2009,8,Allemagne,0.313
2009,8,États-Unis,0.25
2009,8,Belgique,0.188
2009,8,Pays-Bas,0.188
2009,8,Brésil,0.125
2009,8,Canada,0.125
2009,9,France,1.208
2009,9,Espagne,0.725
2009,9,Royaume-Uni,0.29
2009,9,Italie,0.242
2009,9,Allemagne,0.242
2009,9,États-Unis,0.193
2009,9,Belgique,0.145
2009,9,Pays-Bas,0.145
2009,9,Brésil,0.097
2009,9,Canada,0.097
2009,10,France,1.078
2009,10,Espagne,0.647
2009,10,Royaume-Uni,0.259
2009,10,Italie,0.216
2009,10,Allemagne,0.216
2009,10,États-Unis,0.173
2009,10,Belgique,0.129
2009,10,Pays-Bas,0.129
2009,10,Brésil,0.086
2009,10,Canada,0.086
2009,11,France,0.734
2009,11,Espagne,0.441
2009,11,Royaume-Uni,0.176
2009,11,Italie,0.147
2009,11,Allemagne,0.147
2009,11,États-Unis,0.118
2009,11,Belgique,0.088
2009,11,Pays-Bas,0.088
2009,11,Brésil,0.059
2009,11,Canada,0.059
2009,12,France,0.722
2009,12,Espagne,0.433
2009,12,Royaume-Uni,0.173
2009,12,Italie,0.144
2009,12,Allemagne,0.144
2009,12,États-Unis,0.115
2009,12,Belgique,0.087
2009,12,Pays-Bas,0.087
2009,12,Brésil,0.058
2009,12,Canada,0.058
2010,1,France,0.874
2010,1,Espagne,0.524
2010,1,Royaume-Uni,0.21
2010,1,Italie,0.175
2010,1,Allemagne,0.175
2010,1,États-Unis,0.14
2010,1,Belgique,0.105
2010,1,Pays-Bas,0.105
2010,1,Brésil,0.07
2010,1,Canada,0.07
2010,2,France,0.624
2010,2,Espagne,0.374
2010,2,Royaume-Uni,0.15
2010,2,Italie,0.125
2010,2,Allemagne,0.125
2010,2,États-Unis,0.1
2010,2,Belgique,0.075
2010,2,Pays-Bas,0.075
2010,2,Brésil,0.05
2010,2,Canada,0.05
2010,3,France,0.939
2010,3,Espagne,0.564
2010,3,Royaume-Uni,0.225
2010,3,Italie,0.188
2010,3,Allemagne,0.188
2010,3,États-Unis,0.15
2010,3,Belgique,0.113
2010,3,Pays-Bas,0.113
2010,3,Brésil,0.075
2010,3,Canada,0.075
2010,4,France,1.228
2010,4,Espagne,0.737
2010,4,Royaume-Uni,0.295
2010,4,Italie,0.246
2010,4,Allemagne,0.246
2010,4,États-Unis,0.196
2010,4,Belgique,0.147
2010,4,Pays-Bas,0.147
2010,4,Brésil,0.098
2010,4,Canada,0.098
2010,5,France,1.166
2010,5,Espagne,0.7
2010,5,Royaume-Uni,0.28
2010,5,Italie,0.233
2010,5,Allemagne,0.233
2010,5,États-Unis,0.187
2010,5,Belgique,0.14
2010,5,Pays-Bas,0.14
2010,5,Brésil,0.093
2010,5,Canada,0.093
2010,6,France,0.998
2010,6,Espagne,0.599
2010,6,Royaume-Uni,0.239
2010,6,Italie,0.2
2010,6,Allemagne,0.2
2010,6,États-Unis,0.16
2010,6,Belgique,0.12
2010,6,Pays-Bas,0.12
2010,6,Brésil,0.08
2010,6,Canada,0.08
2010,7,France,1.46
2010,7,Espagne,0.876
2010,7,Royaume-Uni,0.35
2010,7,Italie,0.292
2010,7,Allemagne,0.292
2010,7,États-Unis,0.234
2010,7,Belgique,0.175
2010,7,Pays-Bas,0.175
2010,7,Brésil,0.117
2010,7,Canada,0.117
2010,8,France,2.008
2010,8,Espagne,1.205
2010,8,Royaume-Uni,0.482
2010,8,Italie,0.402
2010,8,Allemagne,0.402
2010,8,États-Unis,0.321
2010,8,Belgique,0.241
2010,8,Pays-Bas,0.241
2010,8,Brésil,0.161
2010,8,Canada,0.161
2010,9,France,1.541
2010,9,Espagne,0.924
2010,9,Royaume-Uni,0.37
2010,9,Italie,0.308
2010,9,Allemagne,0.308
2010,9,États-Unis,0.247
2010,9,Belgique,0.185
2010,9,Pays-Bas,0.185
2010,9,Brésil,0.123
2010,9,Canada,0.123
2010,10,France,1.271
2010,10,Espagne,0.762
2010,10,Royaume-Uni,0.305
2010,10,Italie,0.254
2010,10,Allemagne,0.254
2010,10,États-Unis,0.203
2010,10,Belgique,0.152
2010,10,Pays-Bas,0.152
2010,10,Brésil,0.102
2010,10,Canada,0.102
2010,11,France,0.869
2010,11,Espagne,0.521
2010,11,Royaume-Uni,0.209
2010,11,Italie,0.174
2010,11,Allemagne,0.174
2010,11,États-Unis,0.139
2010,11,Belgique,0.104
2010,11,Pays-Bas,0.104
2010,11,Brésil,0.07
2010,11,Canada,0.07
2010,12,France,0.895
2010,12,Espagne,0.537
2010,12,Royaume-Uni,0.215
2010,12,Italie,0.179
2010,12,Allemagne,0.179
2010,12,États-Unis,0.143
2010,12,Belgique,0.107
2010,12,Pays-Bas,0.107
2010,12,Brésil,0.072
2010,12,Canada,0.072
2011,1,France,0.805
2011,1,Espagne,0.483
2011,1,Royaume-Uni,0.193
2011,1,Italie,0.161
2011,1,Allemagne,0.161
2011,1,États-Unis,0.129
2011,1,Belgique,0.097
2011,1,Pays-Bas,0.097
2011,1,Brésil,0.064
2011,1,Canada,0.064
2011,2,France,0.646
2011,2,Espagne,0.388
2011,2,Royaume-Uni,0.155
2011,2,Italie,0.129
2011,2,Allemagne,0.129
2011,2,États-Unis,0.103
2011,2,Belgique,0.078
2011,2,Pays-Bas,0.078
2011,2,Brésil,0.052
2011,2,Canada,0.052
2011,3,France,0.976
2011,3,Espagne,0.586
2011,3,Royaume-Uni,0.234
2011,3,Italie,0.195
2011,3,Allemagne,0.195
2011,3,États-Unis,0.156
2011,3,Belgique,0.117
2011,3,Pays-Bas,0.117
2011,3,Brésil,0.078
2011,3,Canada,0.078
2011,4,France,1.202
2011,4,Espagne,0.721
2011,4,Royaume-Uni,0.289
2011,4,Italie,0.24
2011,4,Allemagne,0.24
2011,4,États-Unis,0.192
2011,4,Belgique,0.144
2011,4,Pays-Bas,0.144
2011,4,Brésil,0.096
2011,4,Canada,0.096
2011,5,France,1.092
2011,5,Espagne,0.655
2011,5,Royaume-Uni,0.262
2011,5,Italie,0.218
2011,5,Allemagne,0.218
2011,5,États-Unis,0.175
2011,5,Belgique,0.131
2011,5,Pays-Bas,0.131
2011,5,Brésil,0.087
2011,5,Canada,0.087
2011,6,France,1.124
2011,6,Espagne,0.674
2011,6,Royaume-Uni,0.27
2011,6,Italie,0.225
2011,6,Allemagne,0.225
2011,6,États-Unis,0.18
2011,6,Belgique,0.135
2011,6,Pays-Bas,0.135
2011,6,Brésil,0.09
2011,6,Canada,0.09
2011,7,France,1.641
2011,7,Espagne,0.984
2011,7,Royaume-Uni,0.394
2011,7,Italie,0.328
2011,7,Allemagne,0.328
2011,7,États-Unis,0.262
2011,7,Belgique,0.197
2011,7,Pays-Bas,0.197
2011,7,Brésil,0.131
2011,7,Canada,0.131
2011,8,France,1.914
2011,8,Espagne,1.148
2011,8,Royaume-Uni,0.459
2011,8,Italie,0.383
2011,8,Allemagne,0.383
2011,8,États-Unis,0.306
2011,8,Belgique,0.23
2011,8,Pays-Bas,0.23
2011,8,Brésil,0.153
2011,8,Canada,0.153
2011,9,France,1.424
2011,9,Espagne,0.855
2011,9,Royaume-Uni,0.342
2011,9,Italie,0.285
2011,9,Allemagne,0.285
2011,9,États-Unis,0.228
2011,9,Belgique,0.171
2011,9,Pays-Bas,0.171
2011,9,Brésil,0.114
2011,9,Canada,0.114
2011,10,France,1.217
2011,10,Espagne,0.73
2011,10,Royaume-Uni,0.292
2011,10,Italie,0.243
2011,10,Allemagne,0.243
2011,10,États-Unis,0.195
2011,10,Belgique,0.146
2011,10,Pays-Bas,0.146
2011,10,Brésil,0.097
2011,10,Canada,0.097
2011,11,France,0.962
2011,11,Espagne,0.577
2011,11,Royaume-Uni,0.231
2011,11,Italie,0.192
2011,11,Allemagne,0.192
2011,11,États-Unis,0.154
2011,11,Belgique,0.115
2011,11,Pays-Bas,0.115
2011,11,Brésil,0.077
2011,11,Canada,0.077
2011,12,France,1.092
2011,12,Espagne,0.655
2011,12,Royaume-Uni,0.262
2011,12,Italie,0.218
2011,12,Allemagne,0.218
2011,12,États-Unis,0.175
2011,12,Belgique,0.131
2011,12,Pays-Bas,0.131
2011,12,Brésil,0.087
2011,12,Canada,0.087
2012,1,France,0.79
2012,1,Espagne,0.474
2012,1,Royaume-Uni,0.19
2012,1,Italie,0.158
2012,1,Allemagne,0.158
2012,1,États-Unis,0.126
2012,1,Belgique,0.095
2012,1,Pays-Bas,0.095
2012,1,Brésil,0.063
2012,1,Canada,0.063
2012,2,France,0.694
2012,2,Espagne,0.417
2012,2,Royaume-Uni,0.167
2012,2,Italie,0.139
2012,2,Allemagne,0.139
2012,2,États-Unis,0.111
2012,2,Belgique,0.083
2012,2,Pays-Bas,0.083
2012,2,Brésil,0.056
2012,2,Canada,0.056
2012,3,France,0.943
2012,3,Espagne,0.566
2012,3,Royaume-Uni,0.226
2012,3,Italie,0.189
2012,3,Allemagne,0.189
2012,3,États-Unis,0.151
2012,3,Belgique,0.113
2012,3,Pays-Bas,0.113
2012,3,Brésil,0.075
2012,3,Canada,0.075
2012,4,France,1.199
2012,4,Espagne,0.719
2012,4,Royaume-Uni,0.288
2012,4,Italie,0.24
2012,4,Allemagne,0.24
2012,4,États-Unis,0.192
2012,4,Belgique,0.144
2012,4,Pays-Bas,0.144
2012,4,Brésil,0.096
2012,4,Canada,0.096
2012,5,France,1.226
2012,5,Espagne,0.735
2012,5,Royaume-Uni,0.294
2012,5,Italie,0.245
2012,5,Allemagne,0.245
2012,5,États-Unis,0.196
2012,5,Belgique,0.147
2012,5,Pays-Bas,0.147
2012,5,Brésil,0.098
2012,5,Canada,0.098
2012,6,France,1.109
2012,6,Espagne,0.666
2012,6,Royaume-Uni,0.266
2012,6,Italie,0.222
2012,6,Allemagne,0.222
2012,6,États-Unis,0.177
2012,6,Belgique,0.133
2012,6,Pays-Bas,0.133
2012,6,Brésil,0.089
2012,6,Canada,0.089
2012,7,France,1.853
2012,7,Espagne,1.112
2012,7,Royaume-Uni,0.445
2012,7,Italie,0.371
2012,7,Allemagne,0.371
2012,7,États-Unis,0.296
2012,7,Belgique,0.222
2012,7,Pays-Bas,0.222
2012,7,Brésil,0.148
2012,7,Canada,0.148
2012,8,France,1.92
2012,8,Espagne,1.152
2012,8,Royaume-Uni,0.461
2012,8,Italie,0.384
2012,8,Allemagne,0.384
2012,8,États-Unis,0.307
2012,8,Belgique,0.23
2012,8,Pays-Bas,0.23
2012,8,Brésil,0.154
2012,8,Canada,0.154
2012,9,France,1.424
2012,9,Espagne,0.854
2012,9,Royaume-Uni,0.342
2012,9,Italie,0.285
2012,9,Allemagne,0.285
2012,9,États-Unis,0.228
2012,9,Belgique,0.171
2012,9,Pays-Bas,0.171
2012,9,Brésil,0.114
2012,9,Canada,0.114
2012,10,France,1.265
2012,10,Espagne,0.759
2012,10,Royaume-Uni,0.304
2012,10,Italie,0.253
2012,10,Allemagne,0.253
2012,10,États-Unis,0.202
2012,10,Belgique,0.152
2012,10,Pays-Bas,0.152
2012,10,Brésil,0.101
2012,10,Canada,0.101
2012,11,France,0.974
2012,11,Espagne,0.584
2012,11,Royaume-Uni,0.234
2012,11,Italie,0.195
2012,11,Allemagne,0.195
2012,11,États-Unis,0.156
2012,11,Belgique,0.117
2012,11,Pays-Bas,0.117
2012,11,Brésil,0.078
2012,11,Canada,0.078
2012,12,France,1.07
2012,12,Espagne,0.642
2012,12,Royaume-Uni,0.257
2012,12,Italie,0.214
2012,12,Allemagne,0.214
2012,12,États-Unis,0.171
2012,12,Belgique,0.128
2012,12,Pays-Bas,0.128
2012,12,Brésil,0.086
2012,12,Canada,0.086
2013,1,France,0.886
2013,1,Espagne,0.531
2013,1,Royaume-Uni,0.213
2013,1,Italie,0.177
2013,1,Allemagne,0.177
2013,1,États-Unis,0.142
2013,1,Belgique,0.106
2013,1,Pays-Bas,0.106
2013,1,Brésil,0.071
2013,1,Canada,0.071
2013,2,France,0.82
2013,2,Espagne,0.492
2013,2,Royaume-Uni,0.197
2013,2,Italie,0.164
2013,2,Allemagne,0.164
2013,2,États-Unis,0.131
2013,2,Belgique,0.098
2013,2,Pays-Bas,0.098
2013,2,Brésil,0.066
2013,2,Canada,0.066
2013,3,France,1.039
2013,3,Espagne,0.623
2013,3,Royaume-Uni,0.249
2013,3,Italie,0.208
2013,3,Allemagne,0.208
2013,3,États-Unis,0.166
2013,3,Belgique,0.125
2013,3,Pays-Bas,0.125
2013,3,Brésil,0.083
2013,3,Canada,0.083
2013,4,France,1.164
2013,4,Espagne,0.698
2013,4,Royaume-Uni,0.279
2013,4,Italie,0.233
2013,4,Allemagne,0.233
2013,4,États-Unis,0.186
2013,4,Belgique,0.14
2013,4,Pays-Bas,0.14
2013,4,Brésil,0.093
2013,4,Canada,0.093
2013,5,France,1.266
2013,5,Espagne,0.76
2013,5,Royaume-Uni,0.304
2013,5,Italie,0.253
2013,5,Allemagne,0.253
2013,5,États-Unis,0.203
2013,5,Belgique,0.152
2013,5,Pays-Bas,0.152
2013,5,Brésil,0.101
2013,5,Canada,0.101
2013,6,France,1.081
2013,6,Espagne,0.648
2013,6,Royaume-Uni,0.259
2013,6,Italie,0.216
2013,6,Allemagne,0.216
2013,6,États-Unis,0.173
2013,6,Belgique,0.13
2013,6,Pays-Bas,0.13
2013,6,Brésil,0.086
2013,6,Canada,0.086
2013,7,France,1.719
2013,7,Espagne,1.031
2013,7,Royaume-Uni,0.413
2013,7,Italie,0.344
2013,7,Allemagne,0.344
2013,7,États-Unis,0.275
2013,7,Belgique,0.206
2013,7,Pays-Bas,0.206
2013,7,Brésil,0.138
2013,7,Canada,0.138
2013,8,France,2.155
2013,8,Espagne,1.293
2013,8,Royaume-Uni,0.517
2013,8,Italie,0.431
2013,8,Allemagne,0.431
2013,8,États-Unis,0.345
2013,8,Belgique,0.259
2013,8,Pays-Bas,0.259
2013,8,Brésil,0.172
2013,8,Canada,0.172
2013,9,France,1.611
2013,9,Espagne,0.967
2013,9,Royaume-Uni,0.387
2013,9,Italie,0.322
2013,9,Allemagne,0.322
2013,9,États-Unis,0.258
2013,9,Belgique,0.193
2013,9,Pays-Bas,0.193
2013,9,Brésil,0.129
2013,9,Canada,0.129
2013,10,France,1.361
2013,10,Espagne,0.817
2013,10,Royaume-Uni,0.327
2013,10,Italie,0.272
2013,10,Allemagne,0.272
2013,10,États-Unis,0.218
2013,10,Belgique,0.163
2013,10,Pays-Bas,0.163
2013,10,Brésil,0.109
2013,10,Canada,0.109
2013,11,France,1.078
2013,11,Espagne,0.647
2013,11,Royaume-Uni,0.259
2013,11,Italie,0.216
2013,11,Allemagne,0.216
2013,11,États-Unis,0.173
2013,11,Belgique,0.129
2013,11,Pays-Bas,0.129
2013,11,Brésil,0.086
2013,11,Canada,0.086
2013,12,France,1.043
2013,12,Espagne,0.626
2013,12,Royaume-Uni,0.25
2013,12,Italie,0.209
2013,12,Allemagne,0.209
2013,12,États-Unis,0.167
2013,12,Belgique,0.125
2013,12,Pays-Bas,0.125
2013,12,Brésil,0.083
2013,12,Canada,0.083
2014,1,France,0.914
2014,1,Espagne,0.549
2014,1,Royaume-Uni,0.219
2014,1,Italie,0.183
2014,1,Allemagne,0.183
2014,1,États-Unis,0.146
2014,1,Belgique,0.11
2014,1,Pays-Bas,0.11
2014,1,Brésil,0.073
2014,1,Canada,0.073
2014,2,France,0.735
2014,2,Espagne,0.441
2014,2,Royaume-Uni,0.176
2014,2,Italie,0.147
2014,2,Allemagne,0.147
2014,2,États-Unis,0.118
2014,2,Belgique,0.088
2014,2,Pays-Bas,0.088
2014,2,Brésil,0.059
2014,2,Canada,0.059
2014,3,France,1.141
2014,3,Espagne,0.684
2014,3,Royaume-Uni,0.274
2014,3,Italie,0.228
2014,3,Allemagne,0.228
2014,3,États-Unis,0.182
2014,3,Belgique,0.137
2014,3,Pays-Bas,0.137
2014,3,Brésil,0.091
2014,3,Canada,0.091
2014,4,France,1.189
2014,4,Espagne,0.713
2014,4,Royaume-Uni,0.285
2014,4,Italie,0.238
2014,4,Allemagne,0.238
2014,4,États-Unis,0.19
2014,4,Belgique,0.143
2014,4,Pays-Bas,0.143
2014,4,Brésil,0.095
2014,4,Canada,0.095
2014,5,France,1.27
2014,5,Espagne,0.762
2014,5,Royaume-Uni,0.305
2014,5,Italie,0.254
2014,5,Allemagne,0.254
2014,5,États-Unis,0.203
2014,5,Belgique,0.152
2014,5,Pays-Bas,0.152
2014,5,Brésil,0.102
2014,5,Canada,0.102
2014,6,France,1.141
2014,6,Espagne,0.685
2014,6,Royaume-Uni,0.274
2014,6,Italie,0.228
2014,6,Allemagne,0.228
2014,6,États-Unis,0.183
2014,6,Belgique,0.137
2014,6,Pays-Bas,0.137
2014,6,Brésil,0.091
2014,6,Canada,0.091
2014,7,France,1.947
2014,7,Espagne,1.168
2014,7,Royaume-Uni,0.467
2014,7,Italie,0.389
2014,7,Allemagne,0.389
2014,7,États-Unis,0.311
2014,7,Belgique,0.234
2014,7,Pays-Bas,0.234
2014,7,Brésil,0.156
2014,7,Canada,0.156
2014,8,France,2.316
2014,8,Espagne,1.39
2014,8,Royaume-Uni,0.556
2014,8,Italie,0.463
2014,8,Allemagne,0.463
2014,8,États-Unis,0.371
2014,8,Belgique,0.278
2014,8,Pays-Bas,0.278
2014,8,Brésil,0.185
2014,8,Canada,0.185
2014,9,France,1.541
2014,9,Espagne,0.924
2014,9,Royaume-Uni,0.37
2014,9,Italie,0.308
2014,9,Allemagne,0.308
2014,9,États-Unis,0.247
2014,9,Belgique,0.185
2014,9,Pays-Bas,0.185
2014,9,Brésil,0.123
2014,9,Canada,0.123
2014,10,France,1.32
2014,10,Espagne,0.792
2014,10,Royaume-Uni,0.317
2014,10,Italie,0.264
2014,10,Allemagne,0.264
2014,10,États-Unis,0.211
2014,10,Belgique,0.158
2014,10,Pays-Bas,0.158
2014,10,Brésil,0.106
2014,10,Canada,0.106
2014,11,France,1.033
2014,11,Espagne,0.62
2014,11,Royaume-Uni,0.248
2014,11,Italie,0.207
2014,11,Allemagne,0.207
2014,11,États-Unis,0.165
2014,11,Belgique,0.124
2014,11,Pays-Bas,0.124
2014,11,Brésil,0.083
2014,11,Canada,0.083
2014,12,France,0.99
2014,12,Espagne,0.594
2014,12,Royaume-Uni,0.238
2014,12,Italie,0.198
2014,12,Allemagne,0.198
2014,12,États-Unis,0.158
2014,12,Belgique,0.119
2014,12,Pays-Bas,0.119
2014,12,Brésil,0.079
2014,12,Canada,0.079
2015,1,France,0.993
2015,1,Espagne,0.596
2015,1,Royaume-Uni,0.238
2015,1,Italie,0.199
2015,1,Allemagne,0.199
2015,1,États-Unis,0.159
2015,1,Belgique,0.119
2015,1,Pays-Bas,0.119
2015,1,Brésil,0.079
2015,1,Canada,0.079
2015,2,France,0.806
2015,2,Espagne,0.483
2015,2,Royaume-Uni,0.193
2015,2,Italie,0.161
2015,2,Allemagne,0.161
2015,2,États-Unis,0.129
2015,2,Belgique,0.097
2015,2,Pays-Bas,0.097
2015,2,Brésil,0.064
2015,2,Canada,0.064
2015,3,France,1.06
2015,3,Espagne,0.636
2015,3,Royaume-Uni,0.254
2015,3,Italie,0.212
2015,3,Allemagne,0.212
2015,3,États-Unis,0.17
2015,3,Belgique,0.127
2015,3,Pays-Bas,0.127
2015,3,Brésil,0.085
2015,3,Canada,0.085
2015,4,France,1.312
2015,4,Espagne,0.787
2015,4,Royaume-Uni,0.315
2015,4,Italie,0.262
2015,4,Allemagne,0.262
2015,4,États-Unis,0.21
2015,4,Belgique,0.157
2015,4,Pays-Bas,0.157
2015,4,Brésil,0.105
2015,4,Canada,0.105
2015,5,France,1.216
2015,5,Espagne,0.729
2015,5,Royaume-Uni,0.292
2015,5,Italie,0.243
2015,5,Allemagne,0.243
2015,5,États-Unis,0.195
2015,5,Belgique,0.146
2015,5,Pays-Bas,0.146
2015,5,Brésil,0.097
2015,5,Canada,0.097
2015,6,France,1.18
2015,6,Espagne,0.708
2015,6,Royaume-Uni,0.283
2015,6,Italie,0.236
2015,6,Allemagne,0.236
2015,6,États-Unis,0.189
2015,6,Belgique,0.142
2015,6,Pays-Bas,0.142
2015,6,Brésil,0.094
2015,6,Canada,0.094
2015,7,France,2.042
2015,7,Espagne,1.225
2015,7,Royaume-Uni,0.49
2015,7,Italie,0.408
2015,7,Allemagne,0.408
2015,7,États-Unis,0.327
2015,7,Belgique,0.245
2015,7,Pays-Bas,0.245
2015,7,Brésil,0.163
2015,7,Canada,0.163
2015,8,France,2.038
2015,8,Espagne,1.223
2015,8,Royaume-Uni,0.489
2015,8,Italie,0.408
2015,8,Allemagne,0.408
2015,8,États-Unis,0.326
2015,8,Belgique,0.245
2015,8,Pays-Bas,0.245
2015,8,Brésil,0.163
2015,8,Canada,0.163
2015,9,France,1.667
2015,9,Espagne,1
2015,9,Royaume-Uni,0.4
2015,9,Italie,0.333
2015,9,Allemagne,0.333
2015,9,États-Unis,0.267
2015,9,Belgique,0.2
2015,9,Pays-Bas,0.2
2015,9,Brésil,0.133
2015,9,Canada,0.133
2015,10,France,1.559
2015,10,Espagne,0.935
2015,10,Royaume-Uni,0.374
2015,10,Italie,0.312
2015,10,Allemagne,0.312
2015,10,États-Unis,0.249
2015,10,Belgique,0.187
2015,10,Pays-Bas,0.187
2015,10,Brésil,0.125
2015,10,Canada,0.125
2015,11,France,1.224
2015,11,Espagne,0.734
2015,11,Royaume-Uni,0.294
2015,11,Italie,0.245
2015,11,Allemagne,0.245
2015,11,États-Unis,0.196
2015,11,Belgique,0.147
2015,11,Pays-Bas,0.147
2015,11,Brésil,0.098
2015,11,Canada,0.098
2015,12,France,1.025
2015,12,Espagne,0.615
2015,12,Royaume-Uni,0.246
2015,12,Italie,0.205
2015,12,Allemagne,0.205
2015,12,États-Unis,0.164
2015,12,Belgique,0.123
2015,12,Pays-Bas,0.123
2015,12,Brésil,0.082
2015,12,Canada,0.082
2016,1,France,0.883
2016,1,Espagne,0.53
2016,1,Royaume-Uni,0.212
2016,1,Italie,0.177
2016,1,Allemagne,0.177
2016,1,États-Unis,0.141
2016,1,Belgique,0.106
2016,1,Pays-Bas,0.106
2016,1,Brésil,0.071
2016,1,Canada,0.071
2016,2,France,0.879
2016,2,Espagne,0.528
2016,2,Royaume-Uni,0.211
2016,2,Italie,0.176
2016,2,Allemagne,0.176
2016,2,États-Unis,0.141
2016,2,Belgique,0.106
2016,2,Pays-Bas,0.106
2016,2,Brésil,0.07
2016,2,Canada,0.07
2016,3,France,1.048
2016,3,Espagne,0.629
2016,3,Royaume-Uni,0.252
2016,3,Italie,0.21
2016,3,Allemagne,0.21
2016,3,États-Unis,0.168
2016,3,Belgique,0.126
2016,3,Pays-Bas,0.126
2016,3,Brésil,0.084
2016,3,Canada,0.084
2016,4,France,1.259
2016,4,Espagne,0.755
2016,4,Royaume-Uni,0.302
2016,4,Italie,0.252
2016,4,Allemagne,0.252
2016,4,États-Unis,0.201
2016,4,Belgique,0.151
2016,4,Pays-Bas,0.151
2016,4,Brésil,0.101
2016,4,Canada,0.101
2016,5,France,1.267
2016,5,Espagne,0.76
2016,5,Royaume-Uni,0.304
2016,5,Italie,0.253
2016,5,Allemagne,0.253
2016,5,États-Unis,0.203
2016,5,Belgique,0.152
2016,5,Pays-Bas,0.152
2016,5,Brésil,0.101
2016,5,Canada,0.101
2016,6,France,1.06
2016,6,Espagne,0.636
2016,6,Royaume-Uni,0.254
2016,6,Italie,0.212
2016,6,Allemagne,0.212
2016,6,États-Unis,0.17
2016,6,Belgique,0.127
2016,6,Pays-Bas,0.127
2016,6,Brésil,0.085
2016,6,Canada,0.085
2016,7,France,1.679
2016,7,Espagne,1.007
2016,7,Royaume-Uni,0.403
2016,7,Italie,0.336
2016,7,Allemagne,0.336
2016,7,États-Unis,0.269
2016,7,Belgique,0.201
2016,7,Pays-Bas,0.201
2016,7,Brésil,0.134
2016,7,Canada,0.134
2016,8,France,2.013
2016,8,Espagne,1.208
2016,8,Royaume-Uni,0.483
2016,8,Italie,0.403
2016,8,Allemagne,0.403
2016,8,États-Unis,0.322
2016,8,Belgique,0.242
2016,8,Pays-Bas,0.242
2016,8,Brésil,0.161
2016,8,Canada,0.161
2016,9,France,1.477
2016,9,Espagne,0.886
2016,9,Royaume-Uni,0.355
2016,9,Italie,0.295
2016,9,Allemagne,0.295
2016,9,États-Unis,0.236
2016,9,Belgique,0.177
2016,9,Pays-Bas,0.177
2016,9,Brésil,0.118
2016,9,Canada,0.118
2016,10,France,1.544
2016,10,Espagne,0.926
2016,10,Royaume-Uni,0.371
2016,10,Italie,0.309
2016,10,Allemagne,0.309
2016,10,États-Unis,0.247
2016,10,Belgique,0.185
2016,10,Pays-Bas,0.185
2016,10,Brésil,0.124
2016,10,Canada,0.124
2016,11,France,0.983
2016,11,Espagne,0.59
2016,11,Royaume-Uni,0.236
2016,11,Italie,0.197
2016,11,Allemagne,0.197
2016,11,États-Unis,0.157
2016,11,Belgique,0.118
2016,11,Pays-Bas,0.118
2016,11,Brésil,0.079
2016,11,Canada,0.079
2016,12,France,1.168
2016,12,Espagne,0.701
2016,12,Royaume-Uni,0.28
2016,12,Italie,0.234
2016,12,Allemagne,0.234
2016,12,États-Unis,0.187
2016,12,Belgique,0.14
2016,12,Pays-Bas,0.14
2016,12,Brésil,0.093
2016,12,Canada,0.093
2017,1,France,1.081
2017,1,Espagne,0.649
2017,1,Royaume-Uni,0.259
2017,1,Italie,0.216
2017,1,Allemagne,0.216
2017,1,États-Unis,0.173
2017,1,Belgique,0.13
2017,1,Pays-Bas,0.13
2017,1,Brésil,0.086
2017,1,Canada,0.086
2017,2,France,0.906
2017,2,Espagne,0.544
2017,2,Royaume-Uni,0.217
2017,2,Italie,0.181
2017,2,Allemagne,0.181
2017,2,États-Unis,0.145
2017,2,Belgique,0.109
2017,2,Pays-Bas,0.109
2017,2,Brésil,0.072
2017,2,Canada,0.072
2017,3,France,1.107
2017,3,Espagne,0.664
2017,3,Royaume-Uni,0.266
2017,3,Italie,0.221
2017,3,Allemagne,0.221
2017,3,États-Unis,0.177
2017,3,Belgique,0.133
2017,3,Pays-Bas,0.133
2017,3,Brésil,0.089
2017,3,Canada,0.089
2017,4,France,1.254
2017,4,Espagne,0.753
2017,4,Royaume-Uni,0.301
2017,4,Italie,0.251
2017,4,Allemagne,0.251
2017,4,États-Unis,0.201
2017,4,Belgique,0.151
2017,4,Pays-Bas,0.151
2017,4,Brésil,0.1
2017,4,Canada,0.1
2017,5,France,1.493
2017,5,Espagne,0.896
2017,5,Royaume-Uni,0.358
2017,5,Italie,0.299
2017,5,Allemagne,0.299
2017,5,États-Unis,0.239
2017,5,Belgique,0.179
2017,5,Pays-Bas,0.179
2017,5,Brésil,0.119
2017,5,Canada,0.119
2017,6,France,1.206
2017,6,Espagne,0.724
2017,6,Royaume-Uni,0.289
2017,6,Italie,0.241
2017,6,Allemagne,0.241
2017,6,États-Unis,0.193
2017,6,Belgique,0.145
2017,6,Pays-Bas,0.145
2017,6,Brésil,0.096
2017,6,Canada,0.096
2017,7,France,2.099
2017,7,Espagne,1.259
2017,7,Royaume-Uni,0.504
2017,7,Italie,0.42
2017,7,Allemagne,0.42
2017,7,États-Unis,0.336
2017,7,Belgique,0.252
2017,7,Pays-Bas,0.252
2017,7,Brésil,0.168
2017,7,Canada,0.168
2017,8,France,2.354
2017,8,Espagne,1.413
2017,8,Royaume-Uni,0.565
2017,8,Italie,0.471
2017,8,Allemagne,0.471
2017,8,États-Unis,0.377
2017,8,Belgique,0.283
2017,8,Pays-Bas,0.283
2017,8,Brésil,0.188
2017,8,Canada,0.188
2017,9,France,1.816
2017,9,Espagne,1.089
2017,9,Royaume-Uni,0.436
2017,9,Italie,0.363
2017,9,Allemagne,0.363
2017,9,États-Unis,0.291
2017,9,Belgique,0.218
2017,9,Pays-Bas,0.218
2017,9,Brésil,0.145
2017,9,Canada,0.145
2017,10,France,1.662
2017,10,Espagne,0.997
2017,10,Royaume-Uni,0.399
2017,10,Italie,0.332
2017,10,Allemagne,0.332
2017,10,États-Unis,0.266
2017,10,Belgique,0.199
2017,10,Pays-Bas,0.199
2017,10,Brésil,0.133
2017,10,Canada,0.133
2017,11,France,1.245
2017,11,Espagne,0.747
2017,11,Royaume-Uni,0.299
2017,11,Italie,0.249
2017,11,Allemagne,0.249
2017,11,États-Unis,0.199
2017,11,Belgique,0.149
2017,11,Pays-Bas,0.149
2017,11,Brésil,0.1
2017,11,Canada,0.1
2017,12,France,1.036
2017,12,Espagne,0.622
2017,12,Royaume-Uni,0.249
2017,12,Italie,0.207
2017,12,Allemagne,0.207
2017,12,États-Unis,0.166
2017,12,Belgique,0.124
2017,12,Pays-Bas,0.124
2017,12,Brésil,0.083
2017,12,Canada,0.083
2018,1,France,0.991
2018,1,Espagne,0.595
2018,1,Royaume-Uni,0.238
2018,1,Italie,0.198
2018,1,Allemagne,0.198
2018,1,États-Unis,0.159
2018,1,Belgique,0.119
2018,1,Pays-Bas,0.119
2018,1,Brésil,0.079
2018,1,Canada,0.079
2018,2,France,0.835
2018,2,Espagne,0.501
2018,2,Royaume-Uni,0.2
2018,2,Italie,0.167
2018,2,Allemagne,0.167
2018,2,États-Unis,0.134
2018,2,Belgique,0.1
2018,2,Pays-Bas,0.1
2018,2,Brésil,0.067
2018,2,Canada,0.067
2018,3,France,1.168
2018,3,Espagne,0.701
2018,3,Royaume-Uni,0.28
2018,3,Italie,0.234
2018,3,Allemagne,0.234
2018,3,États-Unis,0.187
2018,3,Belgique,0.14
2018,3,Pays-Bas,0.14
2018,3,Brésil,0.093
2018,3,Canada,0.093
2018,4,France,1.254
2018,4,Espagne,0.752
2018,4,Royaume-Uni,0.301
2018,4,Italie,0.251
2018,4,Allemagne,0.251
2018,4,États-Unis,0.201
2018,4,Belgique,0.15
2018,4,Pays-Bas,0.15
2018,4,Brésil,0.1
2018,4,Canada,0.1
2018,5,France,1.324
2018,5,Espagne,0.794
2018,5,Royaume-Uni,0.318
2018,5,Italie,0.265
2018,5,Allemagne,0.265
2018,5,États-Unis,0.212
2018,5,Belgique,0.159
2018,5,Pays-Bas,0.159
2018,5,Brésil,0.106
2018,5,Canada,0.106
2018,6,France,1.15
2018,6,Espagne,0.69
2018,6,Royaume-Uni,0.276
2018,6,Italie,0.23
2018,6,Allemagne,0.23
2018,6,États-Unis,0.184
2018,6,Belgique,0.138
2018,6,Pays-Bas,0.138
2018,6,Brésil,0.092
2018,6,Canada,0.092
2018,7,France,2.063
2018,7,Espagne,1.238
2018,7,Royaume-Uni,0.495
2018,7,Italie,0.413
2018,7,Allemagne,0.413
2018,7,États-Unis,0.33
2018,7,Belgique,0.248
2018,7,Pays-Bas,0.248
2018,7,Brésil,0.165
2018,7,Canada,0.165
2018,8,France,2.607
2018,8,Espagne,1.564
2018,8,Royaume-Uni,0.626
2018,8,Italie,0.521
2018,8,Allemagne,0.521
2018,8,États-Unis,0.417
2018,8,Belgique,0.313
2018,8,Pays-Bas,0.313
2018,8,Brésil,0.209
2018,8,Canada,0.209
2018,9,France,1.713
2018,9,Espagne,1.028
2018,9,Royaume-Uni,0.411
2018,9,Italie,0.343
2018,9,Allemagne,0.343
2018,9,États-Unis,0.274
2018,9,Belgique,0.206
2018,9,Pays-Bas,0.206
2018,9,Brésil,0.137
2018,9,Canada,0.137
2018,10,France,1.569
2018,10,Espagne,0.941
2018,10,Royaume-Uni,0.377
2018,10,Italie,0.314
2018,10,Allemagne,0.314
2018,10,États-Unis,0.251
2018,10,Belgique,0.188
2018,10,Pays-Bas,0.188
2018,10,Brésil,0.126
2018,10,Canada,0.126
2018,11,France,1.213
2018,11,Espagne,0.728
2018,11,Royaume-Uni,0.291
2018,11,Italie,0.243
2018,11,Allemagne,0.243
2018,11,États-Unis,0.194
2018,11,Belgique,0.146
2018,11,Pays-Bas,0.146
2018,11,Brésil,0.097
2018,11,Canada,0.097
2018,12,France,1.311
2018,12,Espagne,0.787
2018,12,Royaume-Uni,0.315
2018,12,Italie,0.262
2018,12,Allemagne,0.262
2018,12,États-Unis,0.21
2018,12,Belgique,0.157
2018,12,Pays-Bas,0.157
2018,12,Brésil,0.105
2018,12,Canada,0.105
2019,1,France,1.27
2019,1,Espagne,0.762
2019,1,Royaume-Uni,0.305
2019,1,Italie,0.254
2019,1,Allemagne,0.254
2019,1,États-Unis,0.203
2019,1,Belgique,0.152
2019,1,Pays-Bas,0.152
2019,1,Brésil,0.102
2019,1,Canada,0.102
2019,2,France,0.972
2019,2,Espagne,0.583
2019,2,Royaume-Uni,0.233
2019,2,Italie,0.194
2019,2,Allemagne,0.194
2019,2,États-Unis,0.156
2019,2,Belgique,0.117
2019,2,Pays-Bas,0.117
2019,2,Brésil,0.078
2019,2,Canada,0.078
2019,3,France,1.398
2019,3,Espagne,0.839
2019,3,Royaume-Uni,0.335
2019,3,Italie,0.28
2019,3,Allemagne,0.28
2019,3,États-Unis,0.224
2019,3,Belgique,0.168
2019,3,Pays-Bas,0.168
2019,3,Brésil,0.112
2019,3,Canada,0.112
2019,4,France,1.603
2019,4,Espagne,0.962
2019,4,Royaume-Uni,0.385
2019,4,Italie,0.321
2019,4,Allemagne,0.321
2019,4,États-Unis,0.256
2019,4,Belgique,0.192
2019,4,Pays-Bas,0.192
2019,4,Brésil,0.128
2019,4,Canada,0.128
2019,5,France,1.41
2019,5,Espagne,0.846
2019,5,Royaume-Uni,0.338
2019,5,Italie,0.282
2019,5,Allemagne,0.282
2019,5,États-Unis,0.226
2019,5,Belgique,0.169
2019,5,Pays-Bas,0.169
2019,5,Brésil,0.113
2019,5,Canada,0.113
2019,6,France,1.273
2019,6,Espagne,0.764
2019,6,Royaume-Uni,0.306
2019,6,Italie,0.255
2019,6,Allemagne,0.255
2019,6,États-Unis,0.204
2019,6,Belgique,0.153
2019,6,Pays-Bas,0.153
2019,6,Brésil,0.102
2019,6,Canada,0.102
2019,7,France,2.076
2019,7,Espagne,1.246
2019,7,Royaume-Uni,0.498
2019,7,Italie,0.415
2019,7,Allemagne,0.415
2019,7,États-Unis,0.332
2019,7,Belgique,0.249
2019,7,Pays-Bas,0.249
2019,7,Brésil,0.166
2019,7,Canada,0.166
2019,8,France,2.668
2019,8,Espagne,1.601
2019,8,Royaume-Uni,0.64
2019,8,Italie,0.534
2019,8,Allemagne,0.534
2019,8,États-Unis,0.427
2019,8,Belgique,0.32
2019,8,Pays-Bas,0.32
2019,8,Brésil,0.213
2019,8,Canada,0.213
2019,9,France,1.784
2019,9,Espagne,1.07
2019,9,Royaume-Uni,0.428
2019,9,Italie,0.357
2019,9,Allemagne,0.357
2019,9,États-Unis,0.285
2019,9,Belgique,0.214
2019,9,Pays-Bas,0.214
2019,9,Brésil,0.143
2019,9,Canada,0.143
2019,10,France,1.946
2019,10,Espagne,1.168
2019,10,Royaume-Uni,0.467
2019,10,Italie,0.389
2019,10,Allemagne,0.389
2019,10,États-Unis,0.311
2019,10,Belgique,0.234
2019,10,Pays-Bas,0.234
2019,10,Brésil,0.156
2019,10,Canada,0.156
2019,11,France,1.299
2019,11,Espagne,0.78
2019,11,Royaume-Uni,0.312
2019,11,Italie,0.26
2019,11,Allemagne,0.26
2019,11,États-Unis,0.208
2019,11,Belgique,0.156
2019,11,Pays-Bas,0.156
2019,11,Brésil,0.104
2019,11,Canada,0.104
2019,12,France,1.408
2019,12,Espagne,0.845
2019,12,Royaume-Uni,0.338
2019,12,Italie,0.282
2019,12,Allemagne,0.282
2019,12,États-Unis,0.225
2019,12,Belgique,0.169
2019,12,Pays-Bas,0.169
2019,12,Brésil,0.113
2019,12,Canada,0.113
2020,1,France,0.328
2020,1,Espagne,0.197
2020,1,Royaume-Uni,0.079
2020,1,Italie,0.066
2020,1,Allemagne,0.066
2020,1,États-Unis,0.052
2020,1,Belgique,0.039
2020,1,Pays-Bas,0.039
2020,1,Brésil,0.026
2020,1,Canada,0.026
2020,2,France,0.249
2020,2,Espagne,0.149
2020,2,Royaume-Uni,0.06
2020,2,Italie,0.05
2020,2,Allemagne,0.05
2020,2,États-Unis,0.04
2020,2,Belgique,0.03
2020,2,Pays-Bas,0.03
2020,2,Brésil,0.02
2020,2,Canada,0.02
2020,3,France,0.401
2020,3,Espagne,0.24
2020,3,Royaume-Uni,0.096
2020,3,Italie,0.08
2020,3,Allemagne,0.08
2020,3,États-Unis,0.064
2020,3,Belgique,0.048
2020,3,Pays-Bas,0.048
2020,3,Brésil,0.032
2020,3,Canada,0.032
2020,4,France,0.429
2020,4,Espagne,0.257
2020,4,Royaume-Uni,0.103
2020,4,Italie,0.086
2020,4,Allemagne,0.086
2020,4,États-Unis,0.069
2020,4,Belgique,0.051
2020,4,Pays-Bas,0.051
2020,4,Brésil,0.034
2020,4,Canada,0.034
2020,5,France,0.436
2020,5,Espagne,0.262
2020,5,Royaume-Uni,0.105
2020,5,Italie,0.087
2020,5,Allemagne,0.087
2020,5,États-Unis,0.07
2020,5,Belgique,0.052
2020,5,Pays-Bas,0.052
2020,5,Brésil,0.035
2020,5,Canada,0.035
2020,6,France,0.415
2020,6,Espagne,0.249
2020,6,Royaume-Uni,0.1
2020,6,Italie,0.083
2020,6,Allemagne,0.083
2020,6,États-Unis,0.066
2020,6,Belgique,0.05
2020,6,Pays-Bas,0.05
2020,6,Brésil,0.033
2020,6,Canada,0.033
2020,7,France,0.592
2020,7,Espagne,0.355
2020,7,Royaume-Uni,0.142
2020,7,Italie,0.118
2020,7,Allemagne,0.118
2020,7,États-Unis,0.095
2020,7,Belgique,0.071
2020,7,Pays-Bas,0.071
2020,7,Brésil,0.047
2020,7,Canada,0.047
2020,8,France,0.672
2020,8,Espagne,0.403
2020,8,Royaume-Uni,0.161
2020,8,Italie,0.134
2020,8,Allemagne,0.134
2020,8,États-Unis,0.108
2020,8,Belgique,0.081
2020,8,Pays-Bas,0.081
2020,8,Brésil,0.054
2020,8,Canada,0.054
2020,9,France,0.516
2020,9,Espagne,0.309
2020,9,Royaume-Uni,0.124
2020,9,Italie,0.103
2020,9,Allemagne,0.103
2020,9,États-Unis,0.083
2020,9,Belgique,0.062
2020,9,Pays-Bas,0.062
2020,9,Brésil,0.041
2020,9,Canada,0.041
2020,10,France,0.502
2020,10,Espagne,0.301
2020,10,Royaume-Uni,0.121
2020,10,Italie,0.1
2020,10,Allemagne,0.1
2020,10,États-Unis,0.08
2020,10,Belgique,0.06
2020,10,Pays-Bas,0.06
2020,10,Brésil,0.04
2020,10,Canada,0.04
2020,11,France,0.4
2020,11,Espagne,0.24
2020,11,Royaume-Uni,0.096
2020,11,Italie,0.08
2020,11,Allemagne,0.08
2020,11,États-Unis,0.064
2020,11,Belgique,0.048
2020,11,Pays-Bas,0.048
2020,11,Brésil,0.032
2020,11,Canada,0.032
2020,12,France,0.353
2020,12,Espagne,0.212
2020,12,Royaume-Uni,0.085
2020,12,Italie,0.071
2020,12,Allemagne,0.071
2020,12,États-Unis,0.056
2020,12,Belgique,0.042
2020,12,Pays-Bas,0.042
2020,12,Brésil,0.028
2020,12,Canada,0.028
2021,1,France,0.48
2021,1,Espagne,0.288
2021,1,Royaume-Uni,0.115
2021,1,Italie,0.096
2021,1,Allemagne,0.096
2021,1,États-Unis,0.077
2021,1,Belgique,0.058
2021,1,Pays-Bas,0.058
2021,1,Brésil,0.038
2021,1,Canada,0.038
2021,2,France,0.412
2021,2,Espagne,0.247
2021,2,Royaume-Uni,0.099
2021,2,Italie,0.082
2021,2,Allemagne,0.082
2021,2,États-Unis,0.066
2021,2,Belgique,0.049
2021,2,Pays-Bas,0.049
2021,2,Brésil,0.033
2021,2,Canada,0.033
2021,3,France,0.587
2021,3,Espagne,0.352
2021,3,Royaume-Uni,0.141
2021,3,Italie,0.117
2021,3,Allemagne,0.117
2021,3,États-Unis,0.094
2021,3,Belgique,0.07
2021,3,Pays-Bas,0.07
2021,3,Brésil,0.047
2021,3,Canada,0.047
2021,4,France,0.709
2021,4,Espagne,0.425
2021,4,Royaume-Uni,0.17
2021,4,Italie,0.142
2021,4,Allemagne,0.142
2021,4,États-Unis,0.113
2021,4,Belgique,0.085
2021,4,Pays-Bas,0.085
2021,4,Brésil,0.057
2021,4,Canada,0.057
2021,5,France,0.764
2021,5,Espagne,0.458
2021,5,Royaume-Uni,0.183
2021,5,Italie,0.153
2021,5,Allemagne,0.153
2021,5,États-Unis,0.122
2021,5,Belgique,0.092
2021,5,Pays-Bas,0.092
2021,5,Brésil,0.061
2021,5,Canada,0.061
2021,6,France,0.643
2021,6,Espagne,0.386
2021,6,Royaume-Uni,0.154
2021,6,Italie,0.129
2021,6,Allemagne,0.129
2021,6,États-Unis,0.103
2021,6,Belgique,0.077
2021,6,Pays-Bas,0.077
2021,6,Brésil,0.051
2021,6,Canada,0.051
2021,7,France,1.057
2021,7,Espagne,0.634
2021,7,Royaume-Uni,0.254
2021,7,Italie,0.211
2021,7,Allemagne,0.211
2021,7,États-Unis,0.169
2021,7,Belgique,0.127
2021,7,Pays-Bas,0.127
2021,7,Brésil,0.085
2021,7,Canada,0.085
2021,8,France,1.303
2021,8,Espagne,0.782
2021,8,Royaume-Uni,0.313
2021,8,Italie,0.261
2021,8,Allemagne,0.261
2021,8,États-Unis,0.208
2021,8,Belgique,0.156
2021,8,Pays-Bas,0.156
2021,8,Brésil,0.104
2021,8,Canada,0.104
2021,9,France,0.896
2021,9,Espagne,0.537
2021,9,Royaume-Uni,0.215
2021,9,Italie,0.179
2021,9,Allemagne,0.179
2021,9,États-Unis,0.143
2021,9,Belgique,0.107
2021,9,Pays-Bas,0.107
2021,9,Brésil,0.072
2021,9,Canada,0.072
2021,10,France,0.828
2021,10,Espagne,0.497
2021,10,Royaume-Uni,0.199
2021,10,Italie,0.166
2021,10,Allemagne,0.166
2021,10,États-Unis,0.132
2021,10,Belgique,0.099
2021,10,Pays-Bas,0.099
2021,10,Brésil,0.066
2021,10,Canada,0.066
2021,11,France,0.646
2021,11,Espagne,0.388
2021,11,Royaume-Uni,0.155
2021,11,Italie,0.129
2021,11,Allemagne,0.129
2021,11,États-Unis,0.103
2021,11,Belgique,0.078
2021,11,Pays-Bas,0.078
2021,11,Brésil,0.052
2021,11,Canada,0.052
2021,12,France,0.641
2021,12,Espagne,0.384
2021,12,Royaume-Uni,0.154
2021,12,Italie,0.128
2021,12,Allemagne,0.128
2021,12,États-Unis,0.103
2021,12,Belgique,0.077
2021,12,Pays-Bas,0.077
2021,12,Brésil,0.051
2021,12,Canada,0.051
2022,1,France,1.103
2022,1,Espagne,0.662
2022,1,Royaume-Uni,0.265
2022,1,Italie,0.221
2022,1,Allemagne,0.221
2022,1,États-Unis,0.177
2022,1,Belgique,0.132
2022,1,Pays-Bas,0.132
2022,1,Brésil,0.088
2022,1,Canada,0.088
2022,2,France,1.065
2022,2,Espagne,0.639
2022,2,Royaume-Uni,0.256
2022,2,Italie,0.213
2022,2,Allemagne,0.213
2022,2,États-Unis,0.17
2022,2,Belgique,0.128
2022,2,Pays-Bas,0.128
2022,2,Brésil,0.085
2022,2,Canada,0.085
2022,3,France,1.513
2022,3,Espagne,0.908
2022,3,Royaume-Uni,0.363
2022,3,Italie,0.303
2022,3,Allemagne,0.303
2022,3,États-Unis,0.242
2022,3,Belgique,0.182
2022,3,Pays-Bas,0.182
2022,3,Brésil,0.121
2022,3,Canada,0.121
2022,4,France,1.609
2022,4,Espagne,0.966
2022,4,Royaume-Uni,0.386
2022,4,Italie,0.322
2022,4,Allemagne,0.322
2022,4,États-Unis,0.258
2022,4,Belgique,0.193
2022,4,Pays-Bas,0.193
2022,4,Brésil,0.129
2022,4,Canada,0.129
2022,5,France,1.612
2022,5,Espagne,0.967
2022,5,Royaume-Uni,0.387
2022,5,Italie,0.322
2022,5,Allemagne,0.322
2022,5,États-Unis,0.258
2022,5,Belgique,0.193
2022,5,Pays-Bas,0.193
2022,5,Brésil,0.129
2022,5,Canada,0.129
2022,6,France,1.433
2022,6,Espagne,0.86
2022,6,Royaume-Uni,0.344
2022,6,Italie,0.287
2022,6,Allemagne,0.287
2022,6,États-Unis,0.229
2022,6,Belgique,0.172
2022,6,Pays-Bas,0.172
2022,6,Brésil,0.115
2022,6,Canada,0.115
2022,7,France,2.589
2022,7,Espagne,1.553
2022,7,Royaume-Uni,0.621
2022,7,Italie,0.518
2022,7,Allemagne,0.518
2022,7,États-Unis,0.414
2022,7,Belgique,0.311
2022,7,Pays-Bas,0.311
2022,7,Brésil,0.207
2022,7,Canada,0.207
2022,8,France,2.696
2022,8,Espagne,1.617
2022,8,Royaume-Uni,0.647
2022,8,Italie,0.539
2022,8,Allemagne,0.539
2022,8,États-Unis,0.431
2022,8,Belgique,0.323
2022,8,Pays-Bas,0.323
2022,8,Brésil,0.216
2022,8,Canada,0.216
2022,9,France,1.836
2022,9,Espagne,1.102
2022,9,Royaume-Uni,0.441
2022,9,Italie,0.367
2022,9,Allemagne,0.367
2022,9,États-Unis,0.294
2022,9,Belgique,0.22
2022,9,Pays-Bas,0.22
2022,9,Brésil,0.147
2022,9,Canada,0.147
2022,10,France,1.871
2022,10,Espagne,1.122
2022,10,Royaume-Uni,0.449
2022,10,Italie,0.374
2022,10,Allemagne,0.374
2022,10,États-Unis,0.299
2022,10,Belgique,0.224
2022,10,Pays-Bas,0.224
2022,10,Brésil,0.15
2022,10,Canada,0.15
2022,11,France,1.488
2022,11,Espagne,0.893
2022,11,Royaume-Uni,0.357
2022,11,Italie,0.298
2022,11,Allemagne,0.298
2022,11,États-Unis,0.238
2022,11,Belgique,0.179
2022,11,Pays-Bas,0.179
2022,11,Brésil,0.119
2022,11,Canada,0.119
2022,12,France,1.363
2022,12,Espagne,0.818
2022,12,Royaume-Uni,0.327
2022,12,Italie,0.273
2022,12,Allemagne,0.273
2022,12,États-Unis,0.218
2022,12,Belgique,0.164
2022,12,Pays-Bas,0.164
2022,12,Brésil,0.109
2022,12,Canada,0.109
2023,1,France,1.723
2023,1,Espagne,1.034
2023,1,Royaume-Uni,0.413
2023,1,Italie,0.345
2023,1,Allemagne,0.345
2023,1,États-Unis,0.276
2023,1,Belgique,0.207
2023,1,Pays-Bas,0.207
2023,1,Brésil,0.138
2023,1,Canada,0.138
2023,2,France,1.243
2023,2,Espagne,0.746
2023,2,Royaume-Uni,0.298
2023,2,Italie,0.249
2023,2,Allemagne,0.249
2023,2,États-Unis,0.199
2023,2,Belgique,0.149
2023,2,Pays-Bas,0.149
2023,2,Brésil,0.099
2023,2,Canada,0.099
2023,3,France,2.056
2023,3,Espagne,1.234
2023,3,Royaume-Uni,0.493
2023,3,Italie,0.411
2023,3,Allemagne,0.411
2023,3,États-Unis,0.329
2023,3,Belgique,0.247
2023,3,Pays-Bas,0.247
2023,3,Brésil,0.164
2023,3,Canada,0.164
2023,4,France,2.286
2023,4,Espagne,1.372
2023,4,Royaume-Uni,0.549
2023,4,Italie,0.457
2023,4,Allemagne,0.457
2023,4,États-Unis,0.366
2023,4,Belgique,0.274
2023,4,Pays-Bas,0.274
2023,4,Brésil,0.183
2023,4,Canada,0.183
2023,5,France,2.009
2023,5,Espagne,1.206
2023,5,Royaume-Uni,0.482
2023,5,Italie,0.402
2023,5,Allemagne,0.402
2023,5,États-Unis,0.321
2023,5,Belgique,0.241
2023,5,Pays-Bas,0.241
2023,5,Brésil,0.161
2023,5,Canada,0.161
2023,6,France,1.735
2023,6,Espagne,1.041
2023,6,Royaume-Uni,0.416
2023,6,Italie,0.347
2023,6,Allemagne,0.347
2023,6,États-Unis,0.278
2023,6,Belgique,0.208
2023,6,Pays-Bas,0.208
2023,6,Brésil,0.139
2023,6,Canada,0.139
2023,7,France,3.524
2023,7,Espagne,2.114
2023,7,Royaume-Uni,0.846
2023,7,Italie,0.705
2023,7,Allemagne,0.705
2023,7,États-Unis,0.564
2023,7,Belgique,0.423
2023,7,Pays-Bas,0.423
2023,7,Brésil,0.282
2023,7,Canada,0.282
2023,8,France,3.927
2023,8,Espagne,2.356
2023,8,Royaume-Uni,0.943
2023,8,Italie,0.785
2023,8,Allemagne,0.785
2023,8,États-Unis,0.628
2023,8,Belgique,0.471
2023,8,Pays-Bas,0.471
2023,8,Brésil,0.314
2023,8,Canada,0.314
2023,9,France,2.628
2023,9,Espagne,1.577
2023,9,Royaume-Uni,0.631
2023,9,Italie,0.526
2023,9,Allemagne,0.526
2023,9,États-Unis,0.421
2023,9,Belgique,0.315
2023,9,Pays-Bas,0.315
2023,9,Brésil,0.21
2023,9,Canada,0.21
2023,10,France,2.161
2023,10,Espagne,1.297
2023,10,Royaume-Uni,0.519
2023,10,Italie,0.432
2023,10,Allemagne,0.432
2023,10,États-Unis,0.346
2023,10,Belgique,0.259
2023,10,Pays-Bas,0.259
2023,10,Brésil,0.173
2023,10,Canada,0.173
2023,11,France,1.955
2023,11,Espagne,1.173
2023,11,Royaume-Uni,0.469
2023,11,Italie,0.391
2023,11,Allemagne,0.391
2023,11,États-Unis,0.313
2023,11,Belgique,0.235
2023,11,Pays-Bas,0.235
2023,11,Brésil,0.156
2023,11,Canada,0.156
2023,12,France,1.766
2023,12,Espagne,1.06
2023,12,Royaume-Uni,0.424
2023,12,Italie,0.353
2023,12,Allemagne,0.353
2023,12,États-Unis,0.283
2023,12,Belgique,0.212
2023,12,Pays-Bas,0.212
2023,12,Brésil,0.141
2023,12,Canada,0.141
2024,1,France,1.606
2024,1,Espagne,0.964
2024,1,Royaume-Uni,0.385
2024,1,Italie,0.321
2024,1,Allemagne,0.321
2024,1,États-Unis,0.257
2024,1,Belgique,0.193
2024,1,Pays-Bas,0.193
2024,1,Brésil,0.128
2024,1,Canada,0.128
2024,2,France,1.353
2024,2,Espagne,0.812
2024,2,Royaume-Uni,0.325
2024,2,Italie,0.271
2024,2,Allemagne,0.271
2024,2,États-Unis,0.217
2024,2,Belgique,0.162
2024,2,Pays-Bas,0.162
2024,2,Brésil,0.108
2024,2,Canada,0.108
2024,3,France,1.904
2024,3,Espagne,1.143
2024,3,Royaume-Uni,0.457
2024,3,Italie,0.381
2024,3,Allemagne,0.381
2024,3,États-Unis,0.305
2024,3,Belgique,0.229
2024,3,Pays-Bas,0.229
2024,3,Brésil,0.152
2024,3,Canada,0.152
2024,4,France,2.123
2024,4,Espagne,1.274
2024,4,Royaume-Uni,0.51
2024,4,Italie,0.425
2024,4,Allemagne,0.425
2024,4,États-Unis,0.34
2024,4,Belgique,0.255
2024,4,Pays-Bas,0.255
2024,4,Brésil,0.17
2024,4,Canada,0.17
2024,5,France,2.315
2024,5,Espagne,1.389
2024,5,Royaume-Uni,0.556
2024,5,Italie,0.463
2024,5,Allemagne,0.463
2024,5,États-Unis,0.37
2024,5,Belgique,0.278
2024,5,Pays-Bas,0.278
2024,5,Brésil,0.185
2024,5,Canada,0.185
2024,6,France,1.885
2024,6,Espagne,1.131
2024,6,Royaume-Uni,0.452
2024,6,Italie,0.377
2024,6,Allemagne,0.377
2024,6,États-Unis,0.302
2024,6,Belgique,0.226
2024,6,Pays-Bas,0.226
2024,6,Brésil,0.151
2024,6,Canada,0.151
2024,7,France,3.674
2024,7,Espagne,2.205
2024,7,Royaume-Uni,0.882
2024,7,Italie,0.735
2024,7,Allemagne,0.735
2024,7,États-Unis,0.588
2024,7,Belgique,0.441
2024,7,Pays-Bas,0.441
2024,7,Brésil,0.294
2024,7,Canada,0.294
2024,8,France,3.913
2024,8,Espagne,2.348
2024,8,Royaume-Uni,0.939
2024,8,Italie,0.783
2024,8,Allemagne,0.783
2024,8,États-Unis,0.626
2024,8,Belgique,0.47
2024,8,Pays-Bas,0.47
2024,8,Brésil,0.313
2024,8,Canada,0.313
2024,9,France,2.589
2024,9,Espagne,1.553
2024,9,Royaume-Uni,0.621
2024,9,Italie,0.518
2024,9,Allemagne,0.518
2024,9,États-Unis,0.414
2024,9,Belgique,0.311
2024,9,Pays-Bas,0.311
2024,9,Brésil,0.207
2024,9,Canada,0.207
2024,10,France,2.242
2024,10,Espagne,1.345
2024,10,Royaume-Uni,0.538
2024,10,Italie,0.448
2024,10,Allemagne,0.448
2024,10,États-Unis,0.359
2024,10,Belgique,0.269
2024,10,Pays-Bas,0.269
2024,10,Brésil,0.179
2024,10,Canada,0.179
2024,11,France,1.756
2024,11,Espagne,1.053
2024,11,Royaume-Uni,0.421
2024,11,Italie,0.351
2024,11,Allemagne,0.351
2024,11,États-Unis,0.281
2024,11,Belgique,0.211
2024,11,Pays-Bas,0.211
2024,11,Brésil,0.14
2024,11,Canada,0.14
2024,12,France,1.783
2024,12,Espagne,1.07
2024,12,Royaume-Uni,0.428
2024,12,Italie,0.357
2024,12,Allemagne,0.357
2024,12,États-Unis,0.285
2024,12,Belgique,0.214
2024,12,Pays-Bas,0.214
2024,12,Brésil,0.143
2024,12,Canada,0.143
2025,1,France,1.873
2025,1,Espagne,1.124
2025,1,Royaume-Uni,0.449
2025,1,Italie,0.375
2025,1,Allemagne,0.375
2025,1,États-Unis,0.3
2025,1,Belgique,0.225
2025,1,Pays-Bas,0.225
2025,1,Brésil,0.15
2025,1,Canada,0.15
2025,2,France,1.91
2025,2,Espagne,1.146
2025,2,Royaume-Uni,0.458
2025,2,Italie,0.382
2025,2,Allemagne,0.382
2025,2,États-Unis,0.306
2025,2,Belgique,0.229
2025,2,Pays-Bas,0.229
2025,2,Brésil,0.153
2025,2,Canada,0.153
2025,3,France,2.443
2025,3,Espagne,1.466
2025,3,Royaume-Uni,0.586
2025,3,Italie,0.489
2025,3,Allemagne,0.489
2025,3,États-Unis,0.391
2025,3,Belgique,0.293
2025,3,Pays-Bas,0.293
2025,3,Brésil,0.195
2025,3,Canada,0.195
2025,4,France,2.566
2025,4,Espagne,1.54
2025,4,Royaume-Uni,0.616
2025,4,Italie,0.513
2025,4,Allemagne,0.513
2025,4,États-Unis,0.411
2025,4,Belgique,0.308
2025,4,Pays-Bas,0.308
2025,4,Brésil,0.205
2025,4,Canada,0.205
2025,5,France,2.82
2025,5,Espagne,1.692
2025,5,Royaume-Uni,0.677
2025,5,Italie,0.564
2025,5,Allemagne,0.564
2025,5,États-Unis,0.451
2025,5,Belgique,0.338
2025,5,Pays-Bas,0.338
2025,5,Brésil,0.226
2025,5,Canada,0.226
2025,6,France,2.233
2025,6,Espagne,1.34
2025,6,Royaume-Uni,0.536
2025,6,Italie,0.447
2025,6,Allemagne,0.447
2025,6,États-Unis,0.357
2025,6,Belgique,0.268
2025,6,Pays-Bas,0.268
2025,6,Brésil,0.179
2025,6,Canada,0.179
2025,7,France,4.514
2025,7,Espagne,2.708
2025,7,Royaume-Uni,1.083
2025,7,Italie,0.903
2025,7,Allemagne,0.903
2025,7,États-Unis,0.722
2025,7,Belgique,0.542
2025,7,Pays-Bas,0.542
2025,7,Brésil,0.361
2025,7,Canada,0.361
2025,8,France,4.829
2025,8,Espagne,2.898
2025,8,Royaume-Uni,1.159
2025,8,Italie,0.966
2025,8,Allemagne,0.966
2025,8,États-Unis,0.773
2025,8,Belgique,0.58
2025,8,Pays-Bas,0.58
2025,8,Brésil,0.386
2025,8,Canada,0.386
2025,9,France,3.659
2025,9,Espagne,2.195
2025,9,Royaume-Uni,0.878
2025,9,Italie,0.732
2025,9,Allemagne,0.732
2025,9,États-Unis,0.585
2025,9,Belgique,0.439
2025,9,Pays-Bas,0.439
2025,9,Brésil,0.293
2025,9,Canada,0.293
2025,10,France,3.414
2025,10,Espagne,2.049
2025,10,Royaume-Uni,0.819
2025,10,Italie,0.683
2025,10,Allemagne,0.683
2025,10,États-Unis,0.546
2025,10,Belgique,0.41
2025,10,Pays-Bas,0.41
2025,10,Brésil,0.273
2025,10,Canada,0.273
2025,11,France,2.361
2025,11,Espagne,1.417
2025,11,Royaume-Uni,0.567
2025,11,Italie,0.472
2025,11,Allemagne,0.472
2025,11,États-Unis,0.378
2025,11,Belgique,0.283
2025,11,Pays-Bas,0.283
2025,11,Brésil,0.189
2025,11,Canada,0.189
2025,12,France,2.198
2025,12,Espagne,1.319
2025,12,Royaume-Uni,0.528
2025,12,Italie,0.44
2025,12,Allemagne,0.44
2025,12,États-Unis,0.352
2025,12,Belgique,0.264
2025,12,Pays-Bas,0.264
2025,12,Brésil,0.176
2025,12,Canada,0.176
2026,1,France,2.362
2026,1,Espagne,1.417
2026,1,Royaume-Uni,0.567
2026,1,Italie,0.472
2026,1,Allemagne,0.472
2026,1,États-Unis,0.378
2026,1,Belgique,0.283
2026,1,Pays-Bas,0.283
2026,1,Brésil,0.189
2026,1,Canada,0.189
2026,2,France,2.169
2026,2,Espagne,1.301
2026,2,Royaume-Uni,0.521
2026,2,Italie,0.434
2026,2,Allemagne,0.434
2026,2,États-Unis,0.347
2026,2,Belgique,0.26
2026,2,Pays-Bas,0.26
2026,2,Brésil,0.174
2026,2,Canada,0.174
2026,3,France,2.894
2026,3,Espagne,1.736
2026,3,Royaume-Uni,0.695
2026,3,Italie,0.579
2026,3,Allemagne,0.579
2026,3,États-Unis,0.463
2026,3,Belgique,0.347
2026,3,Pays-Bas,0.347
2026,3,Brésil,0.232
2026,3,Canada,0.232
2026,4,France,2.968
2026,4,Espagne,1.781
2026,4,Royaume-Uni,0.712
2026,4,Italie,0.594
2026,4,Allemagne,0.594
2026,4,États-Unis,0.475
2026,4,Belgique,0.356
2026,4,Pays-Bas,0.356
2026,4,Brésil,0.237
2026,4,Canada,0.237
2026,5,France,3.256
2026,5,Espagne,1.953
2026,5,Royaume-Uni,0.781
2026,5,Italie,0.651
2026,5,Allemagne,0.651
2026,5,États-Unis,0.521
2026,5,Belgique,0.391
2026,5,Pays-Bas,0.391
2026,5,Brésil,0.26
2026,5,Canada,0.26
2026,6,France,2.502
2026,6,Espagne,1.501
2026,6,Royaume-Uni,0.6
2026,6,Italie,0.5
2026,6,Allemagne,0.5
2026,6,États-Unis,0.4
2026,6,Belgique,0.3
2026,6,Pays-Bas,0.3
2026,6,Brésil,0.2
2026,6,Canada,0.2
2026,7,France,5.074
2026,7,Espagne,3.045
2026,7,Royaume-Uni,1.218
2026,7,Italie,1.015
2026,7,Allemagne,1.015
2026,7,États-Unis,0.812
2026,7,Belgique,0.609
2026,7,Pays-Bas,0.609
2026,7,Brésil,0.406
2026,7,Canada,0.406
2026,8,France,5.737
2026,8,Espagne,3.442
2026,8,Royaume-Uni,1.377
2026,8,Italie,1.147
2026,8,Allemagne,1.147
2026,8,États-Unis,0.918
2026,8,Belgique,0.688
2026,8,Pays-Bas,0.688
2026,8,Brésil,0.459
2026,8,Canada,0.459
2026,9,France,3.411
2026,9,Espagne,2.047
2026,9,Royaume-Uni,0.819
2026,9,Italie,0.682
2026,9,Allemagne,0.682
2026,9,États-Unis,0.546
2026,9,Belgique,0.409
2026,9,Pays-Bas,0.409
2026,9,Brésil,0.273
2026,9,Canada,0.273
2026,10,France,3.885
2026,10,Espagne,2.331
2026,10,Royaume-Uni,0.932
2026,10,Italie,0.777
2026,10,Allemagne,0.777
2026,10,États-Unis,0.622
2026,10,Belgique,0.466
2026,10,Pays-Bas,0.466
2026,10,Brésil,0.311
2026,10,Canada,0.311
2026,11,France,2.946
2026,11,Espagne,1.767
2026,11,Royaume-Uni,0.707
2026,11,Italie,0.589
2026,11,Allemagne,0.589
2026,11,États-Unis,0.471
2026,11,Belgique,0.353
2026,11,Pays-Bas,0.353
2026,11,Brésil,0.236
2026,11,Canada,0.236
2026,12,France,2.414
2026,12,Espagne,1.448
2026,12,Royaume-Uni,0.579
2026,12,Italie,0.483
2026,12,Allemagne,0.483
2026,12,États-Unis,0.386
2026,12,Belgique,0.29
2026,12,Pays-Bas,0.29
2026,12,Brésil,0.193
2026,12,Canada,0.193