year,month,country,visitors
2001,1,France,29936
2001,1,Espagne,15286
2001,1,Royaume-Uni,6824
2001,1,Italie,4951
2001,1,Allemagne,4898
2001,1,États-Unis,4737
2001,1,Belgique,2970
2001,1,Pays-Bas,3130
2001,1,Brésil,2150
2001,1,Canada,2293
2001,2,France,24002
2001,2,Espagne,11342
2001,2,Royaume-Uni,6006
2001,2,Italie,4263
2001,2,Allemagne,4384
2001,2,États-Unis,4091
2001,2,Belgique,2814
2001,2,Pays-Bas,2875
2001,2,Brésil,1914
2001,2,Canada,2036
2001,3,France,33743
2001,3,Espagne,15986
2001,3,Royaume-Uni,6441
2001,3,Italie,5843
2001,3,Allemagne,5928
2001,3,États-Unis,4874
2001,3,Belgique,3955
2001,3,Pays-Bas,3820
2001,3,Brésil,2246
2001,3,Canada,2601
2001,4,France,40988
2001,4,Espagne,21564
2001,4,Royaume-Uni,7974
2001,4,Italie,7637
2001,4,Allemagne,8215
2001,4,États-Unis,6193
2001,4,Belgique,5126
2001,4,Pays-Bas,3700
2001,4,Brésil,3300
2001,4,Canada,3030
2001,5,France,34754
2001,5,Espagne,24309
2001,5,Royaume-Uni,8233
2001,5,Italie,8460
2001,5,Allemagne,7578
2001,5,États-Unis,5314
2001,5,Belgique,3721
2001,5,Pays-Bas,3773
2001,5,Brésil,2945
2001,5,Canada,2794
2001,6,France,29849
2001,6,Espagne,21349
2001,6,Royaume-Uni,7590
2001,6,Italie,7217
2001,6,Allemagne,6897
2001,6,États-Unis,5345
2001,6,Belgique,3459
2001,6,Pays-Bas,4308
2001,6,Brésil,2961
2001,6,Canada,2395
2001,7,France,63052
2001,7,Espagne,27092
2001,7,Royaume-Uni,11995
2001,7,Italie,12830
2001,7,Allemagne,12895
2001,7,États-Unis,8737
2001,7,Belgique,5849
2001,7,Pays-Bas,7713
2001,7,Brésil,4378
2001,7,Canada,3847
2001,8,France,70025
2001,8,Espagne,36465
2001,8,Royaume-Uni,13187
2001,8,Italie,10787
2001,8,Allemagne,15092
2001,8,États-Unis,11882
2001,8,Belgique,9041
2001,8,Pays-Bas,8693
2001,8,Brésil,5566
2001,8,Canada,5006
2001,9,France,43015
2001,9,Espagne,31188
2001,9,Royaume-Uni,10586
2001,9,Italie,8528
2001,9,Allemagne,9996
2001,9,États-Unis,7868
2001,9,Belgique,4745
2001,9,Pays-Bas,5983
2001,9,Brésil,3820
2001,9,Canada,3242
2001,10,France,40847
2001,10,Espagne,28422
2001,10,Royaume-Uni,8266
2001,10,Italie,9698
2001,10,Allemagne,7535
2001,10,États-Unis,7027
2001,10,Belgique,5200
2001,10,Pays-Bas,4969
2001,10,Brésil,3609
2001,10,Canada,3509
2001,11,France,36411
2001,11,Espagne,17729
2001,11,Royaume-Uni,6954
2001,11,Italie,5993
2001,11,Allemagne,7160
2001,11,États-Unis,6019
2001,11,Belgique,4138
2001,11,Pays-Bas,3155
2001,11,Brésil,2205
2001,11,Canada,2116
2001,12,France,37634
2001,12,Espagne,16011
2001,12,Royaume-Uni,7342
2001,12,Italie,6049
2001,12,Allemagne,5806
2001,12,États-Unis,4516
2001,12,Belgique,3483
2001,12,Pays-Bas,3203
2001,12,Brésil,2418
2001,12,Canada,2405
2002,1,France,24971
2002,1,Espagne,16099
2002,1,Royaume-Uni,6826
2002,1,Italie,5319
2002,1,Allemagne,6222
2002,1,États-Unis,4370
2002,1,Belgique,3969
2002,1,Pays-Bas,3114
2002,1,Brésil,2278
2002,1,Canada,2206
2002,2,France,22282
2002,2,Espagne,12458
2002,2,Royaume-Uni,6280
2002,2,Italie,4760
2002,2,Allemagne,5419
2002,2,États-Unis,3281
2002,2,Belgique,3341
2002,2,Pays-Bas,2879
2002,2,Brésil,1664
2002,2,Canada,2062
2002,3,France,33215
2002,3,Espagne,17805
2002,3,Royaume-Uni,8931
2002,3,Italie,5645
2002,3,Allemagne,6021
2002,3,États-Unis,5273
2002,3,Belgique,4411
2002,3,Pays-Bas,4500
2002,3,Brésil,3004
2002,3,Canada,2444
2002,4,France,36479
2002,4,Espagne,21133
2002,4,Royaume-Uni,9831
2002,4,Italie,7863
2002,4,Allemagne,7943
2002,4,États-Unis,5232
2002,4,Belgique,5486
2002,4,Pays-Bas,5168
2002,4,Brésil,3107
2002,4,Canada,2977
2002,5,France,43764
2002,5,Espagne,25559
2002,5,Royaume-Uni,9243
2002,5,Italie,8900
2002,5,Allemagne,7237
2002,5,États-Unis,5899
2002,5,Belgique,4121
2002,5,Pays-Bas,4973
2002,5,Brésil,2764
2002,5,Canada,2727
2002,6,France,34981
2002,6,Espagne,21470
2002,6,Royaume-Uni,8788
2002,6,Italie,6379
2002,6,Allemagne,7450
2002,6,États-Unis,5826
2002,6,Belgique,3889
2002,6,Pays-Bas,3935
2002,6,Brésil,2616
2002,6,Canada,2490
2002,7,France,56727
2002,7,Espagne,35219
2002,7,Royaume-Uni,15902
2002,7,Italie,13103
2002,7,Allemagne,13229
2002,7,États-Unis,8612
2002,7,Belgique,7970
2002,7,Pays-Bas,6109
2002,7,Brésil,3861
2002,7,Canada,3943
2002,8,France,66075
2002,8,Espagne,42626
2002,8,Royaume-Uni,14925
2002,8,Italie,15712
2002,8,Allemagne,15193
2002,8,États-Unis,12250
2002,8,Belgique,9240
2002,8,Pays-Bas,9253
2002,8,Brésil,5620
2002,8,Canada,5902
2002,9,France,52163
2002,9,Espagne,30345
2002,9,Royaume-Uni,10604
2002,9,Italie,8965
2002,9,Allemagne,8704
2002,9,États-Unis,7954
2002,9,Belgique,4940
2002,9,Pays-Bas,6174
2002,9,Brésil,3677
2002,9,Canada,4102
2002,10,France,46035
2002,10,Espagne,30049
2002,10,Royaume-Uni,8933
2002,10,Italie,10099
2002,10,Allemagne,8822
2002,10,États-Unis,7580
2002,10,Belgique,4342
2002,10,Pays-Bas,5522
2002,10,Brésil,3462
2002,10,Canada,3135
2002,11,France,30213
2002,11,Espagne,21494
2002,11,Royaume-Uni,7379
2002,11,Italie,5667
2002,11,Allemagne,6349
2002,11,États-Unis,5035
2002,11,Belgique,4019
2002,11,Pays-Bas,4820
2002,11,Brésil,3070
2002,11,Canada,2645
2002,12,France,28325
2002,12,Espagne,17171
2002,12,Royaume-Uni,8762
2002,12,Italie,5760
2002,12,Allemagne,5991
2002,12,États-Unis,6211
2002,12,Belgique,4274
2002,12,Pays-Bas,3533
2002,12,Brésil,2324
2002,12,Canada,2965
2003,1,France,31690
2003,1,Espagne,20851
2003,1,Royaume-Uni,8392
2003,1,Italie,6196
2003,1,Allemagne,5341
2003,1,États-Unis,5377
2003,1,Belgique,3148
2003,1,Pays-Bas,4158
2003,1,Brésil,2226
2003,1,Canada,2780
2003,2,France,29602
2003,2,Espagne,15857
2003,2,Royaume-Uni,6187
2003,2,Italie,5008
2003,2,Allemagne,6181
2003,2,États-Unis,3601
2003,2,Belgique,3173
2003,2,Pays-Bas,3258
2003,2,Brésil,1883
2003,2,Canada,2443
2003,3,France,35521
2003,3,Espagne,23835
2003,3,Royaume-Uni,7711
2003,3,Italie,7882
2003,3,Allemagne,8084
2003,3,États-Unis,6656
2003,3,Belgique,4420
2003,3,Pays-Bas,4032
2003,3,Brésil,3194
2003,3,Canada,3156
2003,4,France,38049
2003,4,Espagne,23243
2003,4,Royaume-Uni,10659
2003,4,Italie,7798
2003,4,Allemagne,6985
2003,4,États-Unis,5925
2003,4,Belgique,4547
2003,4,Pays-Bas,5748
2003,4,Brésil,3084
2003,4,Canada,3397
2003,5,France,40956
2003,5,Espagne,21566
2003,5,Royaume-Uni,10419
2003,5,Italie,7412
2003,5,Allemagne,9234
2003,5,États-Unis,6175
2003,5,Belgique,5190
2003,5,Pays-Bas,4926
2003,5,Brésil,3152
2003,5,Canada,3891
2003,6,France,36109
2003,6,Espagne,19564
2003,6,Royaume-Uni,8148
2003,6,Italie,8177
2003,6,Allemagne,7126
2003,6,États-Unis,4987
2003,6,Belgique,4769
2003,6,Pays-Bas,4814
2003,6,Brésil,2782
2003,6,Canada,2540
2003,7,France,61734
2003,7,Espagne,33762
2003,7,Royaume-Uni,12903
2003,7,Italie,13462
2003,7,Allemagne,13396
2003,7,États-Unis,10687
2003,7,Belgique,8012
2003,7,Pays-Bas,6501
2003,7,Brésil,4861
2003,7,Canada,5132
2003,8,France,62861
2003,8,Espagne,46618
2003,8,Royaume-Uni,20352
2003,8,Italie,15872
2003,8,Allemagne,15301
2003,8,États-Unis,12464
2003,8,Belgique,7526
2003,8,Pays-Bas,7744
2003,8,Brésil,5135
2003,8,Canada,6228
2003,9,France,51755
2003,9,Espagne,27522
2003,9,Royaume-Uni,12951
2003,9,Italie,11493
2003,9,Allemagne,10567
2003,9,États-Unis,9137
2003,9,Belgique,7435
2003,9,Pays-Bas,6844
2003,9,Brésil,3684
2003,9,Canada,4813
2003,10,France,50365
2003,10,Espagne,28342
2003,10,Royaume-Uni,11837
2003,10,Italie,7839
2003,10,Allemagne,10613
2003,10,États-Unis,8397
2003,10,Belgique,6693
2003,10,Pays-Bas,5027
2003,10,Brésil,4294
2003,10,Canada,4138
2003,11,France,37412
2003,11,Espagne,20094
2003,11,Royaume-Uni,9445
2003,11,Italie,6227
2003,11,Allemagne,7197
2003,11,États-Unis,4976
2003,11,Belgique,3966
2003,11,Pays-Bas,4426
2003,11,Brésil,3300
2003,11,Canada,2739
2003,12,France,35008
2003,12,Espagne,25341
2003,12,Royaume-Uni,10009
2003,12,Italie,8330
2003,12,Allemagne,8536
2003,12,États-Unis,5360
2003,12,Belgique,3961
2003,12,Pays-Bas,5167
2003,12,Brésil,3294
2003,12,Canada,2651
2004,1,France,34013
2004,1,Espagne,18334
2004,1,Royaume-Uni,7033
2004,1,Italie,7385
2004,1,Allemagne,7830
2004,1,États-Unis,4638
2004,1,Belgique,3851
2004,1,Pays-Bas,3526
2004,1,Brésil,3248
2004,1,Canada,3049
2004,2,France,25908
2004,2,Espagne,18109
2004,2,Royaume-Uni,7327
2004,2,Italie,5473
2004,2,Allemagne,5227
2004,2,États-Unis,3913
2004,2,Belgique,3232
2004,2,Pays-Bas,3286
2004,2,Brésil,2620
2004,2,Canada,2679
2004,3,France,44667
2004,3,Espagne,25204
2004,3,Royaume-Uni,9338
2004,3,Italie,6846
2004,3,Allemagne,7851
2004,3,États-Unis,5661
2004,3,Belgique,4185
2004,3,Pays-Bas,5086
2004,3,Brésil,3100
2004,3,Canada,3578
2004,4,France,41044
2004,4,Espagne,31790
2004,4,Royaume-Uni,11442
2004,4,Italie,8308
2004,4,Allemagne,10598
2004,4,États-Unis,8649
2004,4,Belgique,4882
2004,4,Pays-Bas,6454
2004,4,Brésil,3723
2004,4,Canada,3801
2004,5,France,52637
2004,5,Espagne,25791
2004,5,Royaume-Uni,10452
2004,5,Italie,10343
2004,5,Allemagne,10051
2004,5,États-Unis,6287
2004,5,Belgique,5626
2004,5,Pays-Bas,5244
2004,5,Brésil,4308
2004,5,Canada,3299
2004,6,France,45896
2004,6,Espagne,20354
2004,6,Royaume-Uni,8317
2004,6,Italie,7298
2004,6,Allemagne,9310
2004,6,États-Unis,6856
2004,6,Belgique,5460
2004,6,Pays-Bas,5339
2004,6,Brésil,3524
2004,6,Canada,3549
2004,7,France,72071
2004,7,Espagne,35340
2004,7,Royaume-Uni,16877
2004,7,Italie,12089
2004,7,Allemagne,13198
2004,7,États-Unis,9720
2004,7,Belgique,8698
2004,7,Pays-Bas,9530
2004,7,Brésil,5294
2004,7,Canada,4821
2004,8,France,71781
2004,8,Espagne,39625
2004,8,Royaume-Uni,19887
2004,8,Italie,13447
2004,8,Allemagne,15061
2004,8,États-Unis,12860
2004,8,Belgique,11303
2004,8,Pays-Bas,8230
2004,8,Brésil,5892
2004,8,Canada,6334
2004,9,France,59679
2004,9,Espagne,35944
2004,9,Royaume-Uni,14643
2004,9,Italie,12625
2004,9,Allemagne,11264
2004,9,États-Unis,10774
2004,9,Belgique,6295
2004,9,Pays-Bas,6823
2004,9,Brésil,3896
2004,9,Canada,4095
2004,10,France,47228
2004,10,Espagne,28217
2004,10,Royaume-Uni,11252
2004,10,Italie,9443
2004,10,Allemagne,11236
2004,10,États-Unis,8451
2004,10,Belgique,6887
2004,10,Pays-Bas,7099
2004,10,Brésil,4602
2004,10,Canada,4492
2004,11,France,44110
2004,11,Espagne,26002
2004,11,Royaume-Uni,9161
2004,11,Italie,7835
2004,11,Allemagne,6937
2004,11,États-Unis,6341
2004,11,Belgique,5417
2004,11,Pays-Bas,4148
2004,11,Brésil,2894
2004,11,Canada,3255
2004,12,France,46094
2004,12,Espagne,24895
2004,12,Royaume-Uni,10867
2004,12,Italie,6976
2004,12,Allemagne,7511
2004,12,États-Unis,6534
2004,12,Belgique,5653
2004,12,Pays-Bas,4663
2004,12,Brésil,2889
2004,12,Canada,3443
2005,1,France,38772
2005,1,Espagne,27324
2005,1,Royaume-Uni,8524
2005,1,Italie,9412
2005,1,Allemagne,8747
2005,1,États-Unis,7369
2005,1,Belgique,4128
2005,1,Pays-Bas,4888
2005,1,Brésil,2746
2005,1,Canada,3139
2005,2,France,29399
2005,2,Espagne,20724
2005,2,Royaume-Uni,9516
2005,2,Italie,7958
2005,2,Allemagne,6915
2005,2,États-Unis,4633
2005,2,Belgique,4326
2005,2,Pays-Bas,3733
2005,2,Brésil,2932
2005,2,Canada,2807
2005,3,France,48698
2005,3,Espagne,24694
2005,3,Royaume-Uni,10937
2005,3,Italie,8424
2005,3,Allemagne,11058
2005,3,États-Unis,8409
2005,3,Belgique,5155
2005,3,Pays-Bas,4766
2005,3,Brésil,4315
2005,3,Canada,4198
2005,4,France,51743
2005,4,Espagne,30438
2005,4,Royaume-Uni,12912
2005,4,Italie,12042
2005,4,Allemagne,12482
2005,4,États-Unis,8792
2005,4,Belgique,6718
2005,4,Pays-Bas,6781
2005,4,Brésil,4475
2005,4,Canada,4380
2005,5,France,48796
2005,5,Espagne,34975
2005,5,Royaume-Uni,12673
2005,5,Italie,10613
2005,5,Allemagne,11510
2005,5,États-Unis,7621
2005,5,Belgique,6991
2005,5,Pays-Bas,5429
2005,5,Brésil,4068
2005,5,Canada,4539
2005,6,France,48546
2005,6,Espagne,25791
2005,6,Royaume-Uni,9522
2005,6,Italie,10009
2005,6,Allemagne,7894
2005,6,États-Unis,7094
2005,6,Belgique,6221
2005,6,Pays-Bas,4780
2005,6,Brésil,3542
2005,6,Canada,4291
2005,7,France,89928
2005,7,Espagne,43460
2005,7,Royaume-Uni,20995
2005,7,Italie,14028
2005,7,Allemagne,19311
2005,7,États-Unis,13963
2005,7,Belgique,11332
2005,7,Pays-Bas,10238
2005,7,Brésil,6919
2005,7,Canada,6667
2005,8,France,88974
2005,8,Espagne,65442
2005,8,Royaume-Uni,25879
2005,8,Italie,21205
2005,8,Allemagne,18307
2005,8,États-Unis,13119
2005,8,Belgique,11243
2005,8,Pays-Bas,11092
2005,8,Brésil,8421
2005,8,Canada,8460
2005,9,France,76751
2005,9,Espagne,44696
2005,9,Royaume-Uni,15990
2005,9,Italie,15464
2005,9,Allemagne,15999
2005,9,États-Unis,9678
2005,9,Belgique,8855
2005,9,Pays-Bas,6881
2005,9,Brésil,5728
2005,9,Canada,5339
2005,10,France,71069
2005,10,Espagne,34910
2005,10,Royaume-Uni,13031
2005,10,Italie,11408
2005,10,Allemagne,12016
2005,10,États-Unis,9106
2005,10,Belgique,6104
2005,10,Pays-Bas,7194
2005,10,Brésil,5569
2005,10,Canada,4924
2005,11,France,54544
2005,11,Espagne,32775
2005,11,Royaume-Uni,13353
2005,11,Italie,9291
2005,11,Allemagne,10752
2005,11,États-Unis,8924
2005,11,Belgique,5381
2005,11,Pays-Bas,6557
2005,11,Brésil,3510
2005,11,Canada,3152
2005,12,France,40886
2005,12,Espagne,30205
2005,12,Royaume-Uni,12064
2005,12,Italie,10238
2005,12,Allemagne,8854
2005,12,États-Unis,7890
2005,12,Belgique,6190
2005,12,Pays-Bas,4992
2005,12,Brésil,4380
2005,12,Canada,4382
2006,1,France,43318
2006,1,Espagne,23710
2006,1,Royaume-Uni,9774
2006,1,Italie,9992
2006,1,Allemagne,10441
2006,1,États-Unis,6520
2006,1,Belgique,5067
2006,1,Pays-Bas,4552
2006,1,Brésil,4017
2006,1,Canada,3913
2006,2,France,35587
2006,2,Espagne,26553
2006,2,Royaume-Uni,10434
2006,2,Italie,7407
2006,2,Allemagne,7157
2006,2,États-Unis,6121
2006,2,Belgique,4089
2006,2,Pays-Bas,5131
2006,2,Brésil,3403
2006,2,Canada,3049
2006,3,France,46159
2006,3,Espagne,35807
2006,3,Royaume-Uni,12636
2006,3,Italie,11338
2006,3,Allemagne,9912
2006,3,États-Unis,8498
2006,3,Belgique,7373
2006,3,Pays-Bas,6966
2006,3,Brésil,3734
2006,3,Canada,4964
2006,4,France,71099
2006,4,Espagne,38447
2006,4,Royaume-Uni,14172
2006,4,Italie,12389
2006,4,Allemagne,10209
2006,4,États-Unis,10801
2006,4,Belgique,6234
2006,4,Pays-Bas,8251
2006,4,Brésil,4579
2006,4,Canada,5532
2006,5,France,62473
2006,5,Espagne,34445
2006,5,Royaume-Uni,12715
2006,5,Italie,10361
2006,5,Allemagne,12641
2006,5,États-Unis,8968
2006,5,Belgique,7874
2006,5,Pays-Bas,8311
2006,5,Brésil,5077
2006,5,Canada,4760
2006,6,France,43638
2006,6,Espagne,29109
2006,6,Royaume-Uni,11668
2006,6,Italie,11417
2006,6,Allemagne,9964
2006,6,États-Unis,8497
2006,6,Belgique,7240
2006,6,Pays-Bas,6873
2006,6,Brésil,4877
2006,6,Canada,3615
2006,7,France,87251
2006,7,Espagne,59702
2006,7,Royaume-Uni,25444
2006,7,Italie,17835
2006,7,Allemagne,20247
2006,7,États-Unis,14646
2006,7,Belgique,12162
2006,7,Pays-Bas,10451
2006,7,Brésil,6407
2006,7,Canada,8399
2006,8,France,88913
2006,8,Espagne,53983
2006,8,Royaume-Uni,27366
2006,8,Italie,23276
2006,8,Allemagne,22805
2006,8,États-Unis,15846
2006,8,Belgique,11123
2006,8,Pays-Bas,14493
2006,8,Brésil,8488
2006,8,Canada,8892
2006,9,France,84611
2006,9,Espagne,39420
2006,9,Royaume-Uni,21137
2006,9,Italie,16543
2006,9,Allemagne,14413
2006,9,États-Unis,11061
2006,9,Belgique,10634
2006,9,Pays-Bas,10410
2006,9,Brésil,6207
2006,9,Canada,6759
2006,10,France,67709
2006,10,Espagne,43573
2006,10,Royaume-Uni,13734
2006,10,Italie,15711
2006,10,Allemagne,13353
2006,10,États-Unis,12121
2006,10,Belgique,9431
2006,10,Pays-Bas,9125
2006,10,Brésil,4872
2006,10,Canada,4707
2006,11,France,55250
2006,11,Espagne,29576
2006,11,Royaume-Uni,14019
2006,11,Italie,9000
2006,11,Allemagne,9572
2006,11,États-Unis,7966
2006,11,Belgique,5578
2006,11,Pays-Bas,5703
2006,11,Brésil,3795
2006,11,Canada,4425
2006,12,France,58605
2006,12,Espagne,33919
2006,12,Royaume-Uni,13234
2006,12,Italie,12268
2006,12,Allemagne,9032
2006,12,États-Unis,7737
2006,12,Belgique,5625
2006,12,Pays-Bas,5920
2006,12,Brésil,3743
2006,12,Canada,3780
2007,1,France,46642
2007,1,Espagne,25462
2007,1,Royaume-Uni,13483
2007,1,Italie,10144
2007,1,Allemagne,10272
2007,1,États-Unis,8779
2007,1,Belgique,6565
2007,1,Pays-Bas,6228
2007,1,Brésil,4093
2007,1,Canada,3616
2007,2,France,45546
2007,2,Espagne,27208
2007,2,Royaume-Uni,9890
2007,2,Italie,8649
2007,2,Allemagne,9098
2007,2,États-Unis,7760
2007,2,Belgique,4419
2007,2,Pays-Bas,5613
2007,2,Brésil,3630
2007,2,Canada,3262
2007,3,France,52711
2007,3,Espagne,37087
2007,3,Royaume-Uni,15711
2007,3,Italie,12193
2007,3,Allemagne,12707
2007,3,États-Unis,7927
2007,3,Belgique,7821
2007,3,Pays-Bas,6759
2007,3,Brésil,3999
2007,3,Canada,4943
2007,4,France,61842
2007,4,Espagne,33360
2007,4,Royaume-Uni,17940
2007,4,Italie,12970
2007,4,Allemagne,15738
2007,4,États-Unis,9768
2007,4,Belgique,9150
2007,4,Pays-Bas,7458
2007,4,Brésil,5600
2007,4,Canada,5183
2007,5,France,77989
2007,5,Espagne,43502
2007,5,Royaume-Uni,15409
2007,5,Italie,13087
2007,5,Allemagne,15309
2007,5,États-Unis,10982
2007,5,Belgique,8859
2007,5,Pays-Bas,7034
2007,5,Brésil,6280
2007,5,Canada,5806
2007,6,France,56736
2007,6,Espagne,33940
2007,6,Royaume-Uni,12413
2007,6,Italie,11421
2007,6,Allemagne,12370
2007,6,États-Unis,10751
2007,6,Belgique,7424
2007,6,Pays-Bas,8045
2007,6,Brésil,4138
2007,6,Canada,4024
2007,7,France,99104
2007,7,Espagne,60954
2007,7,Royaume-Uni,24886
2007,7,Italie,18656
2007,7,Allemagne,17375
2007,7,États-Unis,18421
2007,7,Belgique,12724
2007,7,Pays-Bas,11425
2007,7,Brésil,8863
2007,7,Canada,8057
2007,8,France,103747
2007,8,Espagne,79420
2007,8,Royaume-Uni,24700
2007,8,Italie,20825
2007,8,Allemagne,24930
2007,8,États-Unis,16665
2007,8,Belgique,16309
2007,8,Pays-Bas,13762
2007,8,Brésil,8364
2007,8,Canada,9811
2007,9,France,85594
2007,9,Espagne,45457
2007,9,Royaume-Uni,19780
2007,9,Italie,17719
2007,9,Allemagne,16881
2007,9,États-Unis,15778
2007,9,Belgique,8636
2007,9,Pays-Bas,11840
2007,9,Brésil,6906
2007,9,Canada,7792
2007,10,France,70592
2007,10,Espagne,38970
2007,10,Royaume-Uni,20033
2007,10,Italie,17192
2007,10,Allemagne,14976
2007,10,États-Unis,10333
2007,10,Belgique,10115
2007,10,Pays-Bas,9504
2007,10,Brésil,6341
2007,10,Canada,5189
2007,11,France,54755
2007,11,Espagne,30327
2007,11,Royaume-Uni,12896
2007,11,Italie,11600
2007,11,Allemagne,13120
2007,11,États-Unis,8400
2007,11,Belgique,7372
2007,11,Pays-Bas,7321
2007,11,Brésil,4879
2007,11,Canada,4956
2007,12,France,49542
2007,12,Espagne,36930
2007,12,Royaume-Uni,14717
2007,12,Italie,10713
2007,12,Allemagne,12157
2007,12,États-Unis,8037
2007,12,Belgique,7436
2007,12,Pays-Bas,7646
2007,12,Brésil,3929
2007,12,Canada,4357
2008,1,France,60757
2008,1,Espagne,30749
2008,1,Royaume-Uni,12443
2008,1,Italie,11190
2008,1,Allemagne,11097
2008,1,États-Unis,7464
2008,1,Belgique,7290
2008,1,Pays-Bas,6536
2008,1,Brésil,3793
2008,1,Canada,4184
2008,2,France,46825
2008,2,Espagne,27676
2008,2,Royaume-Uni,10730
2008,2,Italie,9739
2008,2,Allemagne,10576
2008,2,États-Unis,6900
2008,2,Belgique,4569
2008,2,Pays-Bas,5774
2008,2,Brésil,3277
2008,2,Canada,3814
2008,3,France,72140
2008,3,Espagne,32113
2008,3,Royaume-Uni,15294
2008,3,Italie,12616
2008,3,Allemagne,14673
2008,3,États-Unis,11040
2008,3,Belgique,8882
2008,3,Pays-Bas,7454
2008,3,Brésil,4375
2008,3,Canada,5790
2008,4,France,71760
2008,4,Espagne,46186
2008,4,Royaume-Uni,16127
2008,4,Italie,16292
2008,4,Allemagne,13517
2008,4,États-Unis,11628
2008,4,Belgique,7987
2008,4,Pays-Bas,9105
2008,4,Brésil,5378
2008,4,Canada,6574
2008,5,France,71213
2008,5,Espagne,40961
2008,5,Royaume-Uni,16500
2008,5,Italie,12751
2008,5,Allemagne,16992
2008,5,États-Unis,9966
2008,5,Belgique,10096
2008,5,Pays-Bas,8876
2008,5,Brésil,5575
2008,5,Canada,6071
2008,6,France,65226
2008,6,Espagne,43835
2008,6,Royaume-Uni,14149
2008,6,Italie,12579
2008,6,Allemagne,12939
2008,6,États-Unis,10664
2008,6,Belgique,7716
2008,6,Pays-Bas,8248
2008,6,Brésil,4447
2008,6,Canada,5602
2008,7,France,91012
2008,7,Espagne,67488
2008,7,Royaume-Uni,26902
2008,7,Italie,25116
2008,7,Allemagne,18106
2008,7,États-Unis,16387
2008,7,Belgique,10862
2008,7,Pays-Bas,12252
2008,7,Brésil,8156
2008,7,Canada,9042
2008,8,France,126906
2008,8,Espagne,76888
2008,8,Royaume-Uni,25724
2008,8,Italie,24264
2008,8,Allemagne,23739
2008,8,États-Unis,23333
2008,8,Belgique,13981
2008,8,Pays-Bas,14097
2008,8,Brésil,8475
2008,8,Canada,10527
2008,9,France,99590
2008,9,Espagne,46232
2008,9,Royaume-Uni,21780
2008,9,Italie,15394
2008,9,Allemagne,19680
2008,9,États-Unis,12038
2008,9,Belgique,9423
2008,9,Pays-Bas,9229
2008,9,Brésil,6406
2008,9,Canada,7927
2008,10,France,76346
2008,10,Espagne,43584
2008,10,Royaume-Uni,21703
2008,10,Italie,18449
2008,10,Allemagne,18907
2008,10,États-Unis,13026
2008,10,Belgique,11070
2008,10,Pays-Bas,8433
2008,10,Brésil,6076
2008,10,Canada,5867
2008,11,France,59794
2008,11,Espagne,34278
2008,11,Royaume-Uni,13405
2008,11,Italie,13631
2008,11,Allemagne,12616
2008,11,États-Unis,9811
2008,11,Belgique,6378
2008,11,Pays-Bas,6510
2008,11,Brésil,5026
2008,11,Canada,5081
2008,12,France,60209
2008,12,Espagne,40019
2008,12,Royaume-Uni,12696
2008,12,Italie,11740
2008,12,Allemagne,11188
2008,12,États-Unis,10555
2008,12,Belgique,6764
2008,12,Pays-Bas,7572
2008,12,Brésil,5269
2008,12,Canada,5689
2009,1,France,53178
2009,1,Espagne,29648
2009,1,Royaume-Uni,14046
2009,1,Italie,8723
2009,1,Allemagne,9239
2009,1,États-Unis,7846
2009,1,Belgique,5968
2009,1,Pays-Bas,5334
2009,1,Brésil,4169
2009,1,Canada,3493
2009,2,France,36644
2009,2,Espagne,27565
2009,2,Royaume-Uni,11835
2009,2,Italie,7704
2009,2,Allemagne,9656
2009,2,États-Unis,6401
2009,2,Belgique,5321
2009,2,Pays-Bas,5806
2009,2,Brésil,4141
2009,2,Canada,3908
2009,3,France,58941
2009,3,Espagne,33604
2009,3,Royaume-Uni,14446
2009,3,Italie,14359
2009,3,Allemagne,11238
2009,3,États-Unis,10985
2009,3,Belgique,7515
2009,3,Pays-Bas,7245
2009,3,Brésil,5237
2009,3,Canada,5139
2009,4,France,59605
2009,4,Espagne,35943
2009,4,Royaume-Uni,19196
2009,4,Italie,12177
2009,4,Allemagne,16000
2009,4,États-Unis,9538
2009,4,Belgique,8370
2009,4,Pays-Bas,9226
2009,4,Brésil,6573
2009,4,Canada,5697
2009,5,France,78164
2009,5,Espagne,35178
2009,5,Royaume-Uni,15636
2009,5,Italie,14864
2009,5,Allemagne,15470
2009,5,États-Unis,11281
2009,5,Belgique,8055
2009,5,Pays-Bas,7359
2009,5,Brésil,6425
2009,5,Canada,5744
2009,6,France,58972
2009,6,Espagne,42266
2009,6,Royaume-Uni,12603
2009,6,Italie,11061
2009,6,Allemagne,11450
2009,6,États-Unis,11002
2009,6,Belgique,6286
2009,6,Pays-Bas,6701
2009,6,Brésil,4677
2009,6,Canada,5558
2009,7,France,96982
2009,7,Espagne,66650
2009,7,Royaume-Uni,22387
2009,7,Italie,19224
2009,7,Allemagne,17377
2009,7,États-Unis,19830
2009,7,Belgique,11344
2009,7,Pays-Bas,12151
2009,7,Brésil,7104
2009,7,Canada,9442
2009,8,France,136471
2009,8,Espagne,82428
2009,8,Royaume-Uni,29746
2009,8,Italie,28108
2009,8,Allemagne,28782
2009,8,États-Unis,21319
2009,8,Belgique,15404
2009,8,Pays-Bas,12560
2009,8,Brésil,11006
2009,8,Canada,11103
2009,9,France,97665
2009,9,Espagne,43757
2009,9,Royaume-Uni,21500
2009,9,Italie,16428
2009,9,Allemagne,16522
2009,9,États-Unis,14274
2009,9,Belgique,10841
2009,9,Pays-Bas,10181
2009,9,Brésil,7075
2009,9,Canada,8082
2009,10,France,84930
2009,10,Espagne,45053
2009,10,Royaume-Uni,21789
2009,10,Italie,14744
2009,10,Allemagne,13824
2009,10,États-Unis,13971
2009,10,Belgique,10185
2009,10,Pays-Bas,8663
2009,10,Brésil,7033
2009,10,Canada,6699
2009,11,France,64065
2009,11,Espagne,31064
2009,11,Royaume-Uni,17028
2009,11,Italie,13120
2009,11,Allemagne,12242
2009,11,États-Unis,8350
2009,11,Belgique,6511
2009,11,Pays-Bas,6086
2009,11,Brésil,4279
2009,11,Canada,4856
2009,12,France,53639
2009,12,Espagne,39080
2009,12,Royaume-Uni,16510
2009,12,Italie,13286
2009,12,Allemagne,11369
2009,12,États-Unis,10435
2009,12,Belgique,7825
2009,12,Pays-Bas,7471
2009,12,Brésil,4201
2009,12,Canada,4481
2010,1,France,62987
2010,1,Espagne,42141
2010,1,Royaume-Uni,15178
2010,1,Italie,10785
2010,1,Allemagne,13704
2010,1,États-Unis,11412
2010,1,Belgique,7775
2010,1,Pays-Bas,6039
2010,1,Brésil,4439
2010,1,Canada,4705
2010,2,France,48244
2010,2,Espagne,34715
2010,2,Royaume-Uni,11415
2010,2,Italie,10291
2010,2,Allemagne,8382
2010,2,États-Unis,8285
2010,2,Belgique,6273
2010,2,Pays-Bas,5197
2010,2,Brésil,4168
2010,2,Canada,3957
2010,3,France,83774
2010,3,Espagne,49205
2010,3,Royaume-Uni,19248
2010,3,Italie,13563
2010,3,Allemagne,13697
2010,3,États-Unis,11693
2010,3,Belgique,9581
2010,3,Pays-Bas,7976
2010,3,Brésil,5257
2010,3,Canada,5015
2010,4,France,70220
2010,4,Espagne,50338
2010,4,Royaume-Uni,19012
2010,4,Italie,16472
2010,4,Allemagne,16701
2010,4,États-Unis,11471
2010,4,Belgique,8506
2010,4,Pays-Bas,9967
2010,4,Brésil,6022
2010,4,Canada,7110
2010,5,France,89771
2010,5,Espagne,40507
2010,5,Royaume-Uni,21556
2010,5,Italie,14624
2010,5,Allemagne,17184
2010,5,États-Unis,14592
2010,5,Belgique,8240
2010,5,Pays-Bas,9984
2010,5,Brésil,5768
2010,5,Canada,6179
2010,6,France,61727
2010,6,Espagne,48222
2010,6,Royaume-Uni,19015
2010,6,Italie,14601
2010,6,Allemagne,13582
2010,6,États-Unis,9390
2010,6,Belgique,7847
2010,6,Pays-Bas,8372
2010,6,Brésil,5003
2010,6,Canada,5537
2010,7,France,111782
2010,7,Espagne,67038
2010,7,Royaume-Uni,32730
2010,7,Italie,27916
2010,7,Allemagne,21437
2010,7,États-Unis,18662
2010,7,Belgique,17196
2010,7,Pays-Bas,14345
2010,7,Brésil,8947
2010,7,Canada,9993
2010,8,France,158956
2010,8,Espagne,87203
2010,8,Royaume-Uni,32193
2010,8,Italie,27450
2010,8,Allemagne,29553
2010,8,États-Unis,24565
2010,8,Belgique,19655
2010,8,Pays-Bas,14476
2010,8,Brésil,11403
2010,8,Canada,12619
2010,9,France,101834
2010,9,Espagne,62666
2010,9,Royaume-Uni,20677
2010,9,Italie,22268
2010,9,Allemagne,23535
2010,9,États-Unis,16376
2010,9,Belgique,14026
2010,9,Pays-Bas,14085
2010,9,Brésil,6702
2010,9,Canada,7148
2010,10,France,99887
2010,10,Espagne,45445
2010,10,Royaume-Uni,18985
2010,10,Italie,19181
2010,10,Allemagne,17327
2010,10,États-Unis,14235
2010,10,Belgique,9712
2010,10,Pays-Bas,11966
2010,10,Brésil,7313
2010,10,Canada,7841
2010,11,France,73911
2010,11,Espagne,49204
2010,11,Royaume-Uni,19619
2010,11,Italie,12256
2010,11,Allemagne,15760
2010,11,États-Unis,11650
2010,11,Belgique,9071
2010,11,Pays-Bas,9270
2010,11,Brésil,4871
2010,11,Canada,6666
2010,12,France,80108
2010,12,Espagne,47925
2010,12,Royaume-Uni,15308
2010,12,Italie,15022
2010,12,Allemagne,13792
2010,12,États-Unis,12400
2010,12,Belgique,7427
2010,12,Pays-Bas,8270
2010,12,Brésil,6175
2010,12,Canada,6145
2011,1,France,75328
2011,1,Espagne,36721
2011,1,Royaume-Uni,14223
2011,1,Italie,12392
2011,1,Allemagne,14035
2011,1,États-Unis,11343
2011,1,Belgique,6924
2011,1,Pays-Bas,8204
2011,1,Brésil,4891
2011,1,Canada,5201
2011,2,France,60054
2011,2,Espagne,34640
2011,2,Royaume-Uni,11153
2011,2,Italie,10038
2011,2,Allemagne,11739
2011,2,États-Unis,9145
2011,2,Belgique,6350
2011,2,Pays-Bas,5617
2011,2,Brésil,4346
2011,2,Canada,5038
2011,3,France,77458
2011,3,Espagne,49745
2011,3,Royaume-Uni,15313
2011,3,Italie,14970
2011,3,Allemagne,12793
2011,3,États-Unis,10110
2011,3,Belgique,7580
2011,3,Pays-Bas,9411
2011,3,Brésil,6249
2011,3,Canada,6402
2011,4,France,97900
2011,4,Espagne,50618
2011,4,Royaume-Uni,20376
2011,4,Italie,18150
2011,4,Allemagne,18083
2011,4,États-Unis,13319
2011,4,Belgique,9321
2011,4,Pays-Bas,10131
2011,4,Brésil,6447
2011,4,Canada,6103
2011,5,France,73205
2011,5,Espagne,43943
2011,5,Royaume-Uni,21409
2011,5,Italie,19908
2011,5,Allemagne,17792
2011,5,États-Unis,11723
2011,5,Belgique,10741
2011,5,Pays-Bas,8446
2011,5,Brésil,5969
2011,5,Canada,5634
2011,6,France,85675
2011,6,Espagne,45192
2011,6,Royaume-Uni,17073
2011,6,Italie,15211
2011,6,Allemagne,14013
2011,6,États-Unis,13155
2011,6,Belgique,10415
2011,6,Pays-Bas,7451
2011,6,Brésil,6129
2011,6,Canada,6929
2011,7,France,146707
2011,7,Espagne,84324
2011,7,Royaume-Uni,31118
2011,7,Italie,25436
2011,7,Allemagne,29352
2011,7,États-Unis,17932
2011,7,Belgique,15128
2011,7,Pays-Bas,16347
2011,7,Brésil,8640
2011,7,Canada,10405
2011,8,France,174576
2011,8,Espagne,88234
2011,8,Royaume-Uni,31992
2011,8,Italie,25223
2011,8,Allemagne,34598
2011,8,États-Unis,21972
2011,8,Belgique,20448
2011,8,Pays-Bas,17151
2011,8,Brésil,12292
2011,8,Canada,9918
2011,9,France,102573
2011,9,Espagne,67204
2011,9,Royaume-Uni,21244
2011,9,Italie,22344
2011,9,Allemagne,20305
2011,9,États-Unis,17447
2011,9,Belgique,12078
2011,9,Pays-Bas,12199
2011,9,Brésil,7521
2011,9,Canada,9781
2011,10,France,83248
2011,10,Espagne,59314
2011,10,Royaume-Uni,27268
2011,10,Italie,18038
2011,10,Allemagne,21182
2011,10,États-Unis,13647
2011,10,Belgique,10497
2011,10,Pays-Bas,11960
2011,10,Brésil,8193
2011,10,Canada,8454
2011,11,France,70922
2011,11,Espagne,37048
2011,11,Royaume-Uni,14844
2011,11,Italie,17351
2011,11,Allemagne,14344
2011,11,États-Unis,10192
2011,11,Belgique,10383
2011,11,Pays-Bas,8401
2011,11,Brésil,6192
2011,11,Canada,4951
2011,12,France,76513
2011,12,Espagne,51222
2011,12,Royaume-Uni,18996
2011,12,Italie,17642
2011,12,Allemagne,13308
2011,12,États-Unis,12018
2011,12,Belgique,9972
2011,12,Pays-Bas,9241
2011,12,Brésil,6596
2011,12,Canada,5710
2012,1,France,59153
2012,1,Espagne,44249
2012,1,Royaume-Uni,13634
2012,1,Italie,14795
2012,1,Allemagne,13073
2012,1,États-Unis,10720
2012,1,Belgique,9543
2012,1,Pays-Bas,9130
2012,1,Brésil,4872
2012,1,Canada,4602
2012,2,France,64869
2012,2,Espagne,36997
2012,2,Royaume-Uni,14340
2012,2,Italie,10901
2012,2,Allemagne,9685
2012,2,États-Unis,7907
2012,2,Belgique,7486
2012,2,Pays-Bas,7159
2012,2,Brésil,4751
2012,2,Canada,4699
2012,3,France,75850
2012,3,Espagne,39989
2012,3,Royaume-Uni,21505
2012,3,Italie,14748
2012,3,Allemagne,17507
2012,3,États-Unis,10550
2012,3,Belgique,8283
2012,3,Pays-Bas,10087
2012,3,Brésil,5446
2012,3,Canada,5830
2012,4,France,79727
2012,4,Espagne,54854
2012,4,Royaume-Uni,25824
2012,4,Italie,21095
2012,4,Allemagne,16955
2012,4,États-Unis,14111
2012,4,Belgique,10562
2012,4,Pays-Bas,11837
2012,4,Brésil,8275
2012,4,Canada,8063
2012,5,France,75593
2012,5,Espagne,61081
2012,5,Royaume-Uni,19091
2012,5,Italie,20099
2012,5,Allemagne,15594
2012,5,États-Unis,12440
2012,5,Belgique,12242
2012,5,Pays-Bas,11048
2012,5,Brésil,6382
2012,5,Canada,7936
2012,6,France,76346
2012,6,Espagne,42450
2012,6,Royaume-Uni,16959
2012,6,Italie,18055
2012,6,Allemagne,15386
2012,6,États-Unis,11268
2012,6,Belgique,8088
2012,6,Pays-Bas,11259
2012,6,Brésil,6420
2012,6,Canada,7185
2012,7,France,124401
2012,7,Espagne,93047
2012,7,Royaume-Uni,31398
2012,7,Italie,22972
2012,7,Allemagne,23390
2012,7,États-Unis,22785
2012,7,Belgique,18485
2012,7,Pays-Bas,14912
2012,7,Brésil,11476
2012,7,Canada,11732
2012,8,France,156811
2012,8,Espagne,84293
2012,8,Royaume-Uni,37990
2012,8,Italie,35167
2012,8,Allemagne,34139
2012,8,États-Unis,23028
2012,8,Belgique,16462
2012,8,Pays-Bas,18588
2012,8,Brésil,14508
2012,8,Canada,14911
2012,9,France,115202
2012,9,Espagne,79898
2012,9,Royaume-Uni,28687
2012,9,Italie,21298
2012,9,Allemagne,23569
2012,9,États-Unis,15831
2012,9,Belgique,14831
2012,9,Pays-Bas,13069
2012,9,Brésil,9347
2012,9,Canada,8119
2012,10,France,111949
2012,10,Espagne,65857
2012,10,Royaume-Uni,21886
2012,10,Italie,17048
2012,10,Allemagne,19513
2012,10,États-Unis,13617
2012,10,Belgique,13240
2012,10,Pays-Bas,14363
2012,10,Brésil,9036
2012,10,Canada,6928
2012,11,France,90184
2012,11,Espagne,42305
2012,11,Royaume-Uni,21763
2012,11,Italie,18542
2012,11,Allemagne,15202
2012,11,États-Unis,11246
2012,11,Belgique,10295
2012,11,Pays-Bas,10265
2012,11,Brésil,5965
2012,11,Canada,7406
2012,12,France,66599
2012,12,Espagne,51039
2012,12,Royaume-Uni,18594
2012,12,Italie,15365
2012,12,Allemagne,16828
2012,12,États-Unis,12098
2012,12,Belgique,8523
2012,12,Pays-Bas,8508
2012,12,Brésil,6484
2012,12,Canada,6366
2013,1,France,64426
2013,1,Espagne,37550
2013,1,Royaume-Uni,17277
2013,1,Italie,16685
2013,1,Allemagne,14842
2013,1,États-Unis,10776
2013,1,Belgique,8249
2013,1,Pays-Bas,9072
2013,1,Brésil,6127
2013,1,Canada,6820
2013,2,France,64858
2013,2,Espagne,32491
2013,2,Royaume-Uni,12977
2013,2,Italie,11170
2013,2,Allemagne,13470
2013,2,États-Unis,8714
2013,2,Belgique,8580
2013,2,Pays-Bas,7407
2013,2,Brésil,5692
2013,2,Canada,5331
2013,3,France,77446
2013,3,Espagne,59216
2013,3,Royaume-Uni,21662
2013,3,Italie,18271
2013,3,Allemagne,16372
2013,3,États-Unis,13508
2013,3,Belgique,10739
2013,3,Pays-Bas,9445
2013,3,Brésil,5804
2013,3,Canada,6110
2013,4,France,109151
2013,4,Espagne,62003
2013,4,Royaume-Uni,25877
2013,4,Italie,17293
2013,4,Allemagne,19157
2013,4,États-Unis,16273
2013,4,Belgique,13657
2013,4,Pays-Bas,11301
2013,4,Brésil,7703
2013,4,Canada,7886
2013,5,France,115273
2013,5,Espagne,59212
2013,5,Royaume-Uni,22139
2013,5,Italie,21744
2013,5,Allemagne,20296
2013,5,États-Unis,16174
2013,5,Belgique,9668
2013,5,Pays-Bas,13547
2013,5,Brésil,7758
2013,5,Canada,8189
2013,6,France,85940
2013,6,Espagne,54308
2013,6,Royaume-Uni,22246
2013,6,Italie,17596
2013,6,Allemagne,19637
2013,6,États-Unis,11445
2013,6,Belgique,8888
2013,6,Pays-Bas,11176
2013,6,Brésil,7659
2013,6,Canada,5632
2013,7,France,149375
2013,7,Espagne,102532
2013,7,Royaume-Uni,40992
2013,7,Italie,29694
2013,7,Allemagne,32298
2013,7,États-Unis,22100
2013,7,Belgique,18844
2013,7,Pays-Bas,15505
2013,7,Brésil,11474
2013,7,Canada,13256
2013,8,France,147247
2013,8,Espagne,93463
2013,8,Royaume-Uni,43300
2013,8,Italie,28223
2013,8,Allemagne,34130
2013,8,États-Unis,29604
2013,8,Belgique,23770
2013,8,Pays-Bas,23893
2013,8,Brésil,13521
2013,8,Canada,15227
2013,9,France,127245
2013,9,Espagne,67114
2013,9,Royaume-Uni,33705
2013,9,Italie,24376
2013,9,Allemagne,28340
2013,9,États-Unis,17940
2013,9,Belgique,15005
2013,9,Pays-Bas,16328
2013,9,Brésil,8936
2013,9,Canada,10718
2013,10,France,123841
2013,10,Espagne,58411
2013,10,Royaume-Uni,27492
2013,10,Italie,18437
2013,10,Allemagne,25261
2013,10,États-Unis,14607
2013,10,Belgique,14187
2013,10,Pays-Bas,14121
2013,10,Brésil,9390
2013,10,Canada,9406
2013,11,France,90473
2013,11,Espagne,47981
2013,11,Royaume-Uni,17183
2013,11,Italie,17587
2013,11,Allemagne,15197
2013,11,États-Unis,15698
2013,11,Belgique,9630
2013,11,Pays-Bas,9319
2013,11,Brésil,7728
2013,11,Canada,6156
2013,12,France,90867
2013,12,Espagne,51193
2013,12,Royaume-Uni,19857
2013,12,Italie,15391
2013,12,Allemagne,19727
2013,12,États-Unis,12175
2013,12,Belgique,11936
2013,12,Pays-Bas,8423
2013,12,Brésil,6752
2013,12,Canada,7778
2014,1,France,75923
2014,1,Espagne,49235
2014,1,Royaume-Uni,17433
2014,1,Italie,16432
2014,1,Allemagne,16661
2014,1,États-Unis,11467
2014,1,Belgique,9389
2014,1,Pays-Bas,10761
2014,1,Brésil,5145
2014,1,Canada,6603
2014,2,France,54222
2014,2,Espagne,34855
2014,2,Royaume-Uni,13644
2014,2,Italie,10855
2014,2,Allemagne,11512
2014,2,États-Unis,11246
2014,2,Belgique,7585
2014,2,Pays-Bas,8825
2014,2,Brésil,4777
2014,2,Canada,5181
2014,3,France,94856
2014,3,Espagne,62372
2014,3,Royaume-Uni,24234
2014,3,Italie,18470
2014,3,Allemagne,18527
2014,3,États-Unis,15374
2014,3,Belgique,11270
2014,3,Pays-Bas,10145
2014,3,Brésil,6454
2014,3,Canada,6601
2014,4,France,116697
2014,4,Espagne,67782
2014,4,Royaume-Uni,23815
2014,4,Italie,18450
2014,4,Allemagne,18425
2014,4,États-Unis,16352
2014,4,Belgique,14329
2014,4,Pays-Bas,12041
2014,4,Brésil,8371
2014,4,Canada,6854
2014,5,France,114464
2014,5,Espagne,66106
2014,5,Royaume-Uni,25658
2014,5,Italie,18387
2014,5,Allemagne,17490
2014,5,États-Unis,14349
2014,5,Belgique,14178
2014,5,Pays-Bas,13327
2014,5,Brésil,8780
2014,5,Canada,7971
2014,6,France,82229
2014,6,Espagne,57537
2014,6,Royaume-Uni,23094
2014,6,Italie,19481
2014,6,Allemagne,20643
2014,6,États-Unis,14891
2014,6,Belgique,9827
2014,6,Pays-Bas,12509
2014,6,Brésil,8310
2014,6,Canada,6677
2014,7,France,141066
2014,7,Espagne,88540
2014,7,Royaume-Uni,30836
2014,7,Italie,33265
2014,7,Allemagne,31375
2014,7,États-Unis,21854
2014,7,Belgique,16138
2014,7,Pays-Bas,15289
2014,7,Brésil,10162
2014,7,Canada,14093
2014,8,France,196677
2014,8,Espagne,104539
2014,8,Royaume-Uni,46761
2014,8,Italie,40539
2014,8,Allemagne,38357
2014,8,États-Unis,26743
2014,8,Belgique,19726
2014,8,Pays-Bas,20294
2014,8,Brésil,13761
2014,8,Canada,16402
2014,9,France,148094
2014,9,Espagne,76891
2014,9,Royaume-Uni,32522
2014,9,Italie,23720
2014,9,Allemagne,22702
2014,9,États-Unis,20908
2014,9,Belgique,15879
2014,9,Pays-Bas,16220
2014,9,Brésil,8694
2014,9,Canada,10036
2014,10,France,124072
2014,10,Espagne,73692
2014,10,Royaume-Uni,30583
2014,10,Italie,23329
2014,10,Allemagne,22322
2014,10,États-Unis,15074
2014,10,Belgique,15498
2014,10,Pays-Bas,13637
2014,10,Brésil,7571
2014,10,Canada,8746
2014,11,France,92403
2014,11,Espagne,54458
2014,11,Royaume-Uni,20243
2014,11,Italie,17043
2014,11,Allemagne,20500
2014,11,États-Unis,11798
2014,11,Belgique,9629
2014,11,Pays-Bas,10176
2014,11,Brésil,7614
2014,11,Canada,6249
2014,12,France,87403
2014,12,Espagne,50179
2014,12,Royaume-Uni,21332
2014,12,Italie,17902
2014,12,Allemagne,19003
2014,12,États-Unis,14705
2014,12,Belgique,9946
2014,12,Pays-Bas,10161
2014,12,Brésil,6433
2014,12,Canada,6182
2015,1,France,99006
2015,1,Espagne,56288
2015,1,Royaume-Uni,21670
2015,1,Italie,15072
2015,1,Allemagne,17594
2015,1,États-Unis,13443
2015,1,Belgique,10254
2015,1,Pays-Bas,10385
2015,1,Brésil,6440
2015,1,Canada,6298
2015,2,France,59960
2015,2,Espagne,44016
2015,2,Royaume-Uni,15442
2015,2,Italie,16594
2015,2,Allemagne,12659
2015,2,États-Unis,11523
2015,2,Belgique,7095
2015,2,Pays-Bas,9907
2015,2,Brésil,5684
2015,2,Canada,4751
2015,3,France,87683
2015,3,Espagne,52460
2015,3,Royaume-Uni,23706
2015,3,Italie,20369
2015,3,Allemagne,20146
2015,3,États-Unis,14912
2015,3,Belgique,10427
2015,3,Pays-Bas,13624
2015,3,Brésil,7285
2015,3,Canada,6954
2015,4,France,112098
2015,4,Espagne,72974
2015,4,Royaume-Uni,31632
2015,4,Italie,19107
2015,4,Allemagne,21557
2015,4,États-Unis,19721
2015,4,Belgique,13328
2015,4,Pays-Bas,11716
2015,4,Brésil,8106
2015,4,Canada,8176
2015,5,France,93436
2015,5,Espagne,55946
2015,5,Royaume-Uni,24712
2015,5,Italie,22552
2015,5,Allemagne,18515
2015,5,États-Unis,15269
2015,5,Belgique,15504
2015,5,Pays-Bas,13680
2015,5,Brésil,10608
2015,5,Canada,8810
2015,6,France,101409
2015,6,Espagne,57758
2015,6,Royaume-Uni,23592
2015,6,Italie,16519
2015,6,Allemagne,20801
2015,6,États-Unis,15775
2015,6,Belgique,11778
2015,6,Pays-Bas,9955
2015,6,Brésil,6842
2015,6,Canada,8076
2015,7,France,161323
2015,7,Espagne,84369
2015,7,Royaume-Uni,35443
2015,7,Italie,33820
2015,7,Allemagne,32371
2015,7,États-Unis,26364
2015,7,Belgique,22662
2015,7,Pays-Bas,20741
2015,7,Brésil,11245
2015,7,Canada,13638
2015,8,France,227343
2015,8,Espagne,137179
2015,8,Royaume-Uni,48325
2015,8,Italie,36361
2015,8,Allemagne,43475
2015,8,États-Unis,29479
2015,8,Belgique,22641
2015,8,Pays-Bas,25360
2015,8,Brésil,16708
2015,8,Canada,16780
2015,9,France,128313
2015,9,Espagne,73252
2015,9,Royaume-Uni,28363
2015,9,Italie,25699
2015,9,Allemagne,28642
2015,9,États-Unis,23310
2015,9,Belgique,18005
2015,9,Pays-Bas,15323
2015,9,Brésil,11226
2015,9,Canada,11064
2015,10,France,116235
2015,10,Espagne,84278
2015,10,Royaume-Uni,27841
2015,10,Italie,28201
2015,10,Allemagne,28790
2015,10,États-Unis,20194
2015,10,Belgique,12887
2015,10,Pays-Bas,17432
2015,10,Brésil,10195
2015,10,Canada,8657
2015,11,France,85365
2015,11,Espagne,60688
2015,11,Royaume-Uni,23001
2015,11,Italie,22043
2015,11,Allemagne,16304
2015,11,États-Unis,14896
2015,11,Belgique,9882
2015,11,Pays-Bas,11159
2015,11,Brésil,8663
2015,11,Canada,7442
2015,12,France,114183
2015,12,Espagne,62875
2015,12,Royaume-Uni,20586
2015,12,Italie,16780
2015,12,Allemagne,16240
2015,12,États-Unis,13666
2015,12,Belgique,10752
2015,12,Pays-Bas,11786
2015,12,Brésil,7975
2015,12,Canada,7940
2016,1,France,90238
2016,1,Espagne,50231
2016,1,Royaume-Uni,21527
2016,1,Italie,18675
2016,1,Allemagne,14927
2016,1,États-Unis,12650
2016,1,Belgique,9411
2016,1,Pays-Bas,11875
2016,1,Brésil,7775
2016,1,Canada,5710
2016,2,France,77853
2016,2,Espagne,40337
2016,2,Royaume-Uni,15371
2016,2,Italie,12481
2016,2,Allemagne,16748
2016,2,États-Unis,12777
2016,2,Belgique,7405
2016,2,Pays-Bas,7794
2016,2,Brésil,5462
2016,2,Canada,4950
2016,3,France,97034
2016,3,Espagne,54233
2016,3,Royaume-Uni,21453
2016,3,Italie,21934
2016,3,Allemagne,18465
2016,3,États-Unis,18087
2016,3,Belgique,9997
2016,3,Pays-Bas,10092
2016,3,Brésil,7628
2016,3,Canada,7913
2016,4,France,131203
2016,4,Espagne,80559
2016,4,Royaume-Uni,22682
2016,4,Italie,25842
2016,4,Allemagne,23549
2016,4,États-Unis,20587
2016,4,Belgique,11934
2016,4,Pays-Bas,11571
2016,4,Brésil,8537
2016,4,Canada,9412
2016,5,France,106850
2016,5,Espagne,70901
2016,5,Royaume-Uni,23592
2016,5,Italie,21413
2016,5,Allemagne,25163
2016,5,États-Unis,16664
2016,5,Belgique,14170
2016,5,Pays-Bas,12813
2016,5,Brésil,10278
2016,5,Canada,10384
2016,6,France,109768
2016,6,Espagne,64911
2016,6,Royaume-Uni,21251
2016,6,Italie,17471
2016,6,Allemagne,23444
2016,6,États-Unis,17100
2016,6,Belgique,12988
2016,6,Pays-Bas,11134
2016,6,Brésil,8364
2016,6,Canada,6735
2016,7,France,173563
2016,7,Espagne,91124
2016,7,Royaume-Uni,45536
2016,7,Italie,30726
2016,7,Allemagne,34616
2016,7,États-Unis,23640
2016,7,Belgique,22493
2016,7,Pays-Bas,17476
2016,7,Brésil,12115
2016,7,Canada,15217
2016,8,France,233927
2016,8,Espagne,131555
2016,8,Royaume-Uni,44591
2016,8,Italie,39510
2016,8,Allemagne,43740
2016,8,États-Unis,33184
2016,8,Belgique,20377
2016,8,Pays-Bas,26460
2016,8,Brésil,14759
2016,8,Canada,16438
2016,9,France,155033
2016,9,Espagne,73761
2016,9,Royaume-Uni,35078
2016,9,Italie,24831
2016,9,Allemagne,31653
2016,9,États-Unis,20735
2016,9,Belgique,18678
2016,9,Pays-Bas,17025
2016,9,Brésil,11649
2016,9,Canada,13050
2016,10,France,126536
2016,10,Espagne,77478
2016,10,Royaume-Uni,27611
2016,10,Italie,23187
2016,10,Allemagne,25393
2016,10,États-Unis,17332
2016,10,Belgique,17528
2016,10,Pays-Bas,13345
2016,10,Brésil,11110
2016,10,Canada,9338
2016,11,France,112692
2016,11,Espagne,58760
2016,11,Royaume-Uni,27088
2016,11,Italie,21453
2016,11,Allemagne,16867
2016,11,États-Unis,16059
2016,11,Belgique,9899
2016,11,Pays-Bas,13160
2016,11,Brésil,8863
2016,11,Canada,9128
2016,12,France,84902
2016,12,Espagne,70746
2016,12,Royaume-Uni,21660
2016,12,Italie,21997
2016,12,Allemagne,17005
2016,12,États-Unis,15016
2016,12,Belgique,10003
2016,12,Pays-Bas,10215
2016,12,Brésil,8522
2016,12,Canada,7878
2017,1,France,79579
2017,1,Espagne,62546
2017,1,Royaume-Uni,20302
2017,1,Italie,19938
2017,1,Allemagne,15873
2017,1,États-Unis,14258
2017,1,Belgique,10395
2017,1,Pays-Bas,9295
2017,1,Brésil,6954
2017,1,Canada,7368
2017,2,France,80858
2017,2,Espagne,42593
2017,2,Royaume-Uni,18043
2017,2,Italie,14975
2017,2,Allemagne,15593
2017,2,États-Unis,12101
2017,2,Belgique,9300
2017,2,Pays-Bas,10320
2017,2,Brésil,6806
2017,2,Canada,5457
2017,3,France,109382
2017,3,Espagne,70098
2017,3,Royaume-Uni,23997
2017,3,Italie,18593
2017,3,Allemagne,20611
2017,3,États-Unis,15054
2017,3,Belgique,11886
2017,3,Pays-Bas,10915
2017,3,Brésil,9786
2017,3,Canada,8795
2017,4,France,106166
2017,4,Espagne,80530
2017,4,Royaume-Uni,28133
2017,4,Italie,22325
2017,4,Allemagne,21257
2017,4,États-Unis,19016
2017,4,Belgique,14879
2017,4,Pays-Bas,12160
2017,4,Brésil,9856
2017,4,Canada,10231
2017,5,France,111684
2017,5,Espagne,84578
2017,5,Royaume-Uni,28185
2017,5,Italie,21919
2017,5,Allemagne,23034
2017,5,États-Unis,22423
2017,5,Belgique,14373
2017,5,Pays-Bas,14352
2017,5,Brésil,9004
2017,5,Canada,10946
2017,6,France,114580
2017,6,Espagne,53153
2017,6,Royaume-Uni,25493
2017,6,Italie,23532
2017,6,Allemagne,19782
2017,6,États-Unis,19601
2017,6,Belgique,14197
2017,6,Pays-Bas,10689
2017,6,Brésil,7476
2017,6,Canada,7480
2017,7,France,160125
2017,7,Espagne,115760
2017,7,Royaume-Uni,49506
2017,7,Italie,38152
2017,7,Allemagne,34845
2017,7,États-Unis,27568
2017,7,Belgique,19932
2017,7,Pays-Bas,17848
2017,7,Brésil,15645
2017,7,Canada,16248
2017,8,France,182961
2017,8,Espagne,106517
2017,8,Royaume-Uni,57020
2017,8,Italie,44981
2017,8,Allemagne,44152
2017,8,États-Unis,30808
2017,8,Belgique,21186
2017,8,Pays-Bas,23297
2017,8,Brésil,14645
2017,8,Canada,17222
2017,9,France,171695
2017,9,Espagne,87824
2017,9,Royaume-Uni,38376
2017,9,Italie,30446
2017,9,Allemagne,32890
2017,9,États-Unis,23121
2017,9,Belgique,18357
2017,9,Pays-Bas,16875
2017,9,Brésil,9942
2017,9,Canada,10356
2017,10,France,125421
2017,10,Espagne,81893
2017,10,Royaume-Uni,33523
2017,10,Italie,25633
2017,10,Allemagne,26767
2017,10,États-Unis,24883
2017,10,Belgique,13357
2017,10,Pays-Bas,14647
2017,10,Brésil,12167
2017,10,Canada,8998
2017,11,France,92554
2017,11,Espagne,52129
2017,11,Royaume-Uni,22907
2017,11,Italie,21519
2017,11,Allemagne,19441
2017,11,États-Unis,15510
2017,11,Belgique,14329
2017,11,Pays-Bas,11072
2017,11,Brésil,8180
2017,11,Canada,8800
2017,12,France,87273
2017,12,Espagne,55240
2017,12,Royaume-Uni,22820
2017,12,Italie,18979
2017,12,Allemagne,24367
2017,12,États-Unis,16106
2017,12,Belgique,13103
2017,12,Pays-Bas,12855
2017,12,Brésil,7953
2017,12,Canada,9258
2018,1,France,92336
2018,1,Espagne,60666
2018,1,Royaume-Uni,25896
2018,1,Italie,15576
2018,1,Allemagne,15908
2018,1,États-Unis,16779
2018,1,Belgique,10557
2018,1,Pays-Bas,11690
2018,1,Brésil,8371
2018,1,Canada,8461
2018,2,France,76229
2018,2,Espagne,42956
2018,2,Royaume-Uni,20830
2018,2,Italie,16435
2018,2,Allemagne,17551
2018,2,États-Unis,10496
2018,2,Belgique,10559
2018,2,Pays-Bas,10615
2018,2,Brésil,6413
2018,2,Canada,6079
2018,3,France,93384
2018,3,Espagne,75120
2018,3,Royaume-Uni,23702
2018,3,Italie,22660
2018,3,Allemagne,24139
2018,3,États-Unis,15092
2018,3,Belgique,12042
2018,3,Pays-Bas,13971
2018,3,Brésil,9715
2018,3,Canada,8263
2018,4,France,144430
2018,4,Espagne,62684
2018,4,Royaume-Uni,34507
2018,4,Italie,26759
2018,4,Allemagne,28974
2018,4,États-Unis,19889
2018,4,Belgique,16092
2018,4,Pays-Bas,14429
2018,4,Brésil,9567
2018,4,Canada,10308
2018,5,France,136113
2018,5,Espagne,66574
2018,5,Royaume-Uni,32981
2018,5,Italie,23006
2018,5,Allemagne,25734
2018,5,États-Unis,23049
2018,5,Belgique,13055
2018,5,Pays-Bas,16208
2018,5,Brésil,10432
2018,5,Canada,8715
2018,6,France,126498
2018,6,Espagne,59189
2018,6,Royaume-Uni,21594
2018,6,Italie,23043
2018,6,Allemagne,18459
2018,6,États-Unis,17321
2018,6,Belgique,11751
2018,6,Pays-Bas,11396
2018,6,Brésil,8744
2018,6,Canada,7829
2018,7,France,175928
2018,7,Espagne,123210
2018,7,Royaume-Uni,41777
2018,7,Italie,43727
2018,7,Allemagne,37672
2018,7,États-Unis,25049
2018,7,Belgique,21919
2018,7,Pays-Bas,23361
2018,7,Brésil,13804
2018,7,Canada,13551
2018,8,France,203441
2018,8,Espagne,127153
2018,8,Royaume-Uni,53739
2018,8,Italie,45968
2018,8,Allemagne,38606
2018,8,États-Unis,40036
2018,8,Belgique,27677
2018,8,Pays-Bas,26734
2018,8,Brésil,20367
2018,8,Canada,15837
2018,9,France,146308
2018,9,Espagne,83875
2018,9,Royaume-Uni,39859
2018,9,Italie,31298
2018,9,Allemagne,33374
2018,9,États-Unis,23399
2018,9,Belgique,21939
2018,9,Pays-Bas,18908
2018,9,Brésil,14460
2018,9,Canada,10925
2018,10,France,155553
2018,10,Espagne,73510
2018,10,Royaume-Uni,33085
2018,10,Italie,28102
2018,10,Allemagne,24964
2018,10,États-Unis,20947
2018,10,Belgique,16696
2018,10,Pays-Bas,16453
2018,10,Brésil,11606
2018,10,Canada,12911
2018,11,France,91281
2018,11,Espagne,58265
2018,11,Royaume-Uni,30037
2018,11,Italie,24209
2018,11,Allemagne,22664
2018,11,États-Unis,16897
2018,11,Belgique,11244
2018,11,Pays-Bas,11776
2018,11,Brésil,9170
2018,11,Canada,9267
2018,12,France,99753
2018,12,Espagne,69593
2018,12,Royaume-Uni,28657
2018,12,Italie,24986
2018,12,Allemagne,19276
2018,12,États-Unis,20226
2018,12,Belgique,13476
2018,12,Pays-Bas,15204
2018,12,Brésil,7357
2018,12,Canada,8653
2019,1,France,109194
2019,1,Espagne,67766
2019,1,Royaume-Uni,28918
2019,1,Italie,22160
2019,1,Allemagne,23373
2019,1,États-Unis,19886
2019,1,Belgique,14920
2019,1,Pays-Bas,13351
2019,1,Brésil,9912
2019,1,Canada,7825
2019,2,France,83154
2019,2,Espagne,54633
2019,2,Royaume-Uni,19582
2019,2,Italie,16715
2019,2,Allemagne,17230
2019,2,États-Unis,12721
2019,2,Belgique,11948
2019,2,Pays-Bas,10108
2019,2,Brésil,6481
2019,2,Canada,8386
2019,3,France,140131
2019,3,Espagne,77384
2019,3,Royaume-Uni,28794
2019,3,Italie,24850
2019,3,Allemagne,21572
2019,3,États-Unis,22651
2019,3,Belgique,15400
2019,3,Pays-Bas,16187
2019,3,Brésil,9072
2019,3,Canada,11586
2019,4,France,158423
2019,4,Espagne,92100
2019,4,Royaume-Uni,30658
2019,4,Italie,25460
2019,4,Allemagne,31991
2019,4,États-Unis,24457
2019,4,Belgique,18128
2019,4,Pays-Bas,17122
2019,4,Brésil,13098
2019,4,Canada,9623
2019,5,France,120356
2019,5,Espagne,79482
2019,5,Royaume-Uni,36563
2019,5,Italie,24448
2019,5,Allemagne,25556
2019,5,États-Unis,25192
2019,5,Belgique,18067
2019,5,Pays-Bas,19639
2019,5,Brésil,10956
2019,5,Canada,11837
2019,6,France,130022
2019,6,Espagne,82945
2019,6,Royaume-Uni,27549
2019,6,Italie,26293
2019,6,Allemagne,21433
2019,6,États-Unis,18384
2019,6,Belgique,15238
2019,6,Pays-Bas,17325
2019,6,Brésil,11171
2019,6,Canada,8288
2019,7,France,187494
2019,7,Espagne,115092
2019,7,Royaume-Uni,52918
2019,7,Italie,46648
2019,7,Allemagne,43832
2019,7,États-Unis,28889
2019,7,Belgique,24331
2019,7,Pays-Bas,21334
2019,7,Brésil,17834
2019,7,Canada,15892
2019,8,France,236689
2019,8,Espagne,125946
2019,8,Royaume-Uni,56236
2019,8,Italie,49607
2019,8,Allemagne,55297
2019,8,États-Unis,46590
2019,8,Belgique,32055
2019,8,Pays-Bas,27302
2019,8,Brésil,16992
2019,8,Canada,19468
2019,9,France,163034
2019,9,Espagne,90933
2019,9,Royaume-Uni,36016
2019,9,Italie,29288
2019,9,Allemagne,31515
2019,9,États-Unis,26710
2019,9,Belgique,24130
2019,9,Pays-Bas,25092
2019,9,Brésil,12096
2019,9,Canada,14007
2019,10,France,145163
2019,10,Espagne,81640
2019,10,Royaume-Uni,44999
2019,10,Italie,26875
2019,10,Allemagne,28593
2019,10,États-Unis,23752
2019,10,Belgique,18715
2019,10,Pays-Bas,22511
2019,10,Brésil,11156
2019,10,Canada,14967
2019,11,France,145885
2019,11,Espagne,63373
2019,11,Royaume-Uni,28781
2019,11,Italie,23562
2019,11,Allemagne,27720
2019,11,États-Unis,18933
2019,11,Belgique,15503
2019,11,Pays-Bas,17136
2019,11,Brésil,11380
2019,11,Canada,8871
2019,12,France,110590
2019,12,Espagne,81409
2019,12,Royaume-Uni,27756
2019,12,Italie,22148
2019,12,Allemagne,25205
2019,12,États-Unis,17333
2019,12,Belgique,13356
2019,12,Pays-Bas,16950
2019,12,Brésil,8774
2019,12,Canada,9239
2020,1,France,22831
2020,1,Espagne,14648
2020,1,Royaume-Uni,5123
2020,1,Italie,5048
2020,1,Allemagne,4467
2020,1,États-Unis,3311
2020,1,Belgique,2759
2020,1,Pays-Bas,3102
2020,1,Brésil,1504
2020,1,Canada,2004
2020,2,France,18149
2020,2,Espagne,10689
2020,2,Royaume-Uni,3663
2020,2,Italie,4210
2020,2,Allemagne,3474
2020,2,États-Unis,2689
2020,2,Belgique,2504
2020,2,Pays-Bas,2615
2020,2,Brésil,1573
2020,2,Canada,1717
2020,3,France,24262
2020,3,Espagne,16648
2020,3,Royaume-Uni,6835
2020,3,Italie,4519
2020,3,Allemagne,4400
2020,3,États-Unis,3989
2020,3,Belgique,2794
2020,3,Pays-Bas,3047
2020,3,Brésil,1704
2020,3,Canada,1969
2020,4,France,30347
2020,4,Espagne,15893
2020,4,Royaume-Uni,7004
2020,4,Italie,5099
2020,4,Allemagne,5976
2020,4,États-Unis,4592
2020,4,Belgique,3393
2020,4,Pays-Bas,4175
2020,4,Brésil,1996
2020,4,Canada,2183
2020,5,France,34207
2020,5,Espagne,15847
2020,5,Royaume-Uni,6187
2020,5,Italie,5230
2020,5,Allemagne,5770
2020,5,États-Unis,4038
2020,5,Belgique,3065
2020,5,Pays-Bas,2930
2020,5,Brésil,1986
2020,5,Canada,2681
2020,6,France,26350
2020,6,Espagne,14167
2020,6,Royaume-Uni,6030
2020,6,Italie,5745
2020,6,Allemagne,4318
2020,6,États-Unis,3577
2020,6,Belgique,2941
2020,6,Pays-Bas,2896
2020,6,Brésil,1812
2020,6,Canada,2353
2020,7,France,50287
2020,7,Espagne,23620
2020,7,Royaume-Uni,8973
2020,7,Italie,8737
2020,7,Allemagne,10098
2020,7,États-Unis,6024
2020,7,Belgique,4621
2020,7,Pays-Bas,5956
2020,7,Brésil,3758
2020,7,Canada,2952
2020,8,France,43411
2020,8,Espagne,29626
2020,8,Royaume-Uni,13866
2020,8,Italie,8815
2020,8,Allemagne,9233
2020,8,États-Unis,6838
2020,8,Belgique,5526
2020,8,Pays-Bas,7345
2020,8,Brésil,4402
2020,8,Canada,3848
2020,9,France,32805
2020,9,Espagne,18928
2020,9,Royaume-Uni,7768
2020,9,Italie,7651
2020,9,Allemagne,6113
2020,9,États-Unis,5918
2020,9,Belgique,4197
2020,9,Pays-Bas,4357
2020,9,Brésil,2446
2020,9,Canada,2755
2020,10,France,34114
2020,10,Espagne,19534
2020,10,Royaume-Uni,7733
2020,10,Italie,7073
2020,10,Allemagne,6517
2020,10,États-Unis,5093
2020,10,Belgique,3949
2020,10,Pays-Bas,4641
2020,10,Brésil,2492
2020,10,Canada,3068
2020,11,France,27118
2020,11,Espagne,18209
2020,11,Royaume-Uni,5688
2020,11,Italie,5180
2020,11,Allemagne,5085
2020,11,États-Unis,3589
2020,11,Belgique,2637
2020,11,Pays-Bas,2979
2020,11,Brésil,1989
2020,11,Canada,2132
2020,12,France,29272
2020,12,Espagne,14337
2020,12,Royaume-Uni,7236
2020,12,Italie,5451
2020,12,Allemagne,4513
2020,12,États-Unis,4547
2020,12,Belgique,2557
2020,12,Pays-Bas,2712
2020,12,Brésil,2023
2020,12,Canada,1728
2021,1,France,33540
2021,1,Espagne,18607
2021,1,Royaume-Uni,7234
2021,1,Italie,7862
2021,1,Allemagne,6010
2021,1,États-Unis,6352
2021,1,Belgique,4658
2021,1,Pays-Bas,3637
2021,1,Brésil,2607
2021,1,Canada,3241
2021,2,France,29264
2021,2,Espagne,15440
2021,2,Royaume-Uni,7015
2021,2,Italie,5512
2021,2,Allemagne,5906
2021,2,États-Unis,4640
2021,2,Belgique,3101
2021,2,Pays-Bas,3346
2021,2,Brésil,2117
2021,2,Canada,1966
2021,3,France,41298
2021,3,Espagne,27331
2021,3,Royaume-Uni,8598
2021,3,Italie,8990
2021,3,Allemagne,8429
2021,3,États-Unis,5358
2021,3,Belgique,5484
2021,3,Pays-Bas,4013
2021,3,Brésil,2767
2021,3,Canada,3706
2021,4,France,53683
2021,4,Espagne,28666
2021,4,Royaume-Uni,11055
2021,4,Italie,8077
2021,4,Allemagne,8815
2021,4,États-Unis,6581
2021,4,Belgique,5447
2021,4,Pays-Bas,5446
2021,4,Brésil,3836
2021,4,Canada,3821
2021,5,France,40380
2021,5,Espagne,32431
2021,5,Royaume-Uni,13024
2021,5,Italie,7668
2021,5,Allemagne,9236
2021,5,États-Unis,6084
2021,5,Belgique,4576
2021,5,Pays-Bas,4617
2021,5,Brésil,3408
2021,5,Canada,3196
2021,6,France,46422
2021,6,Espagne,28303
2021,6,Royaume-Uni,9070
2021,6,Italie,7166
2021,6,Allemagne,6691
2021,6,États-Unis,7246
2021,6,Belgique,4888
2021,6,Pays-Bas,4960
2021,6,Brésil,3600
2021,6,Canada,3592
2021,7,France,73973
2021,7,Espagne,35185
2021,7,Royaume-Uni,19396
2021,7,Italie,12840
2021,7,Allemagne,12232
2021,7,États-Unis,10733
2021,7,Belgique,7158
2021,7,Pays-Bas,9595
2021,7,Brésil,4588
2021,7,Canada,4770
2021,8,France,66626
2021,8,Espagne,52871
2021,8,Royaume-Uni,21958
2021,8,Italie,17167
2021,8,Allemagne,18775
2021,8,États-Unis,11667
2021,8,Belgique,8212
2021,8,Pays-Bas,8530
2021,8,Brésil,5455
2021,8,Canada,5626
2021,9,France,59152
2021,9,Espagne,29847
2021,9,Royaume-Uni,13812
2021,9,Italie,11483
2021,9,Allemagne,11847
2021,9,États-Unis,8194
2021,9,Belgique,7276
2021,9,Pays-Bas,6931
2021,9,Brésil,4444
2021,9,Canada,3939
2021,10,France,46575
2021,10,Espagne,34808
2021,10,Royaume-Uni,12806
2021,10,Italie,11469
2021,10,Allemagne,10395
2021,10,États-Unis,8414
2021,10,Belgique,5140
2021,10,Pays-Bas,5185
2021,10,Brésil,4724
2021,10,Canada,4523
2021,11,France,37436
2021,11,Espagne,25164
2021,11,Royaume-Uni,9008
2021,11,Italie,9186
2021,11,Allemagne,9481
2021,11,États-Unis,6186
2021,11,Belgique,5490
2021,11,Pays-Bas,4797
2021,11,Brésil,2875
2021,11,Canada,3750
2021,12,France,36244
2021,12,Espagne,24146
2021,12,Royaume-Uni,10385
2021,12,Italie,6863
2021,12,Allemagne,7557
2021,12,États-Unis,6807
2021,12,Belgique,5141
2021,12,Pays-Bas,5205
2021,12,Brésil,3025
2021,12,Canada,3594
2022,1,France,86914
2022,1,Espagne,43750
2022,1,Royaume-Uni,24039
2022,1,Italie,19024
2022,1,Allemagne,16272
2022,1,États-Unis,12596
2022,1,Belgique,11792
2022,1,Pays-Bas,12364
2022,1,Brésil,7779
2022,1,Canada,6014
2022,2,France,72140
2022,2,Espagne,40041
2022,2,Royaume-Uni,17456
2022,2,Italie,13415
2022,2,Allemagne,15250
2022,2,États-Unis,12956
2022,2,Belgique,7566
2022,2,Pays-Bas,9250
2022,2,Brésil,5385
2022,2,Canada,5672
2022,3,France,114640
2022,3,Espagne,59628
2022,3,Royaume-Uni,28337
2022,3,Italie,21270
2022,3,Allemagne,18318
2022,3,États-Unis,13604
2022,3,Belgique,10559
2022,3,Pays-Bas,12702
2022,3,Brésil,9614
2022,3,Canada,6904
2022,4,France,134312
2022,4,Espagne,66426
2022,4,Royaume-Uni,26263
2022,4,Italie,25969
2022,4,Allemagne,23104
2022,4,États-Unis,19791
2022,4,Belgique,12526
2022,4,Pays-Bas,16295
2022,4,Brésil,10252
2022,4,Canada,9769
2022,5,France,115886
2022,5,Espagne,79207
2022,5,Royaume-Uni,27106
2022,5,Italie,23738
2022,5,Allemagne,24806
2022,5,États-Unis,17790
2022,5,Belgique,16073
2022,5,Pays-Bas,14517
2022,5,Brésil,7827
2022,5,Canada,8352
2022,6,France,93674
2022,6,Espagne,52176
2022,6,Royaume-Uni,26860
2022,6,Italie,19765
2022,6,Allemagne,22231
2022,6,États-Unis,18773
2022,6,Belgique,13640
2022,6,Pays-Bas,10587
2022,6,Brésil,8537
2022,6,Canada,7851
2022,7,France,174849
2022,7,Espagne,103744
2022,7,Royaume-Uni,38873
2022,7,Italie,30924
2022,7,Allemagne,34239
2022,7,États-Unis,27348
2022,7,Belgique,20340
2022,7,Pays-Bas,24168
2022,7,Brésil,14428
2022,7,Canada,16684
2022,8,France,199325
2022,8,Espagne,111875
2022,8,Royaume-Uni,55724
2022,8,Italie,41409
2022,8,Allemagne,40120
2022,8,États-Unis,30372
2022,8,Belgique,23579
2022,8,Pays-Bas,21206
2022,8,Brésil,13898
2022,8,Canada,13860
2022,9,France,127487
2022,9,Espagne,74377
2022,9,Royaume-Uni,30849
2022,9,Italie,34899
2022,9,Allemagne,26241
2022,9,États-Unis,22137
2022,9,Belgique,17501
2022,9,Pays-Bas,17235
2022,9,Brésil,11516
2022,9,Canada,12205
2022,10,France,114668
2022,10,Espagne,71193
2022,10,Royaume-Uni,37190
2022,10,Italie,24064
2022,10,Allemagne,29504
2022,10,États-Unis,21520
2022,10,Belgique,17377
2022,10,Pays-Bas,16442
2022,10,Brésil,11643
2022,10,Canada,9455
2022,11,France,91447
2022,11,Espagne,65438
2022,11,Royaume-Uni,20784
2022,11,Italie,22553
2022,11,Allemagne,19962
2022,11,États-Unis,18982
2022,11,Belgique,14561
2022,11,Pays-Bas,11368
2022,11,Brésil,7812
2022,11,Canada,7889
2022,12,France,92012
2022,12,Espagne,67761
2022,12,Royaume-Uni,27783
2022,12,Italie,18163
2022,12,Allemagne,17393
2022,12,États-Unis,15182
2022,12,Belgique,12509
2022,12,Pays-Bas,13135
2022,12,Brésil,7075
2022,12,Canada,8605
2023,1,France,108591
2023,1,Espagne,59838
2023,1,Royaume-Uni,25516
2023,1,Italie,21000
2023,1,Allemagne,21744
2023,1,États-Unis,17643
2023,1,Belgique,14010
2023,1,Pays-Bas,14670
2023,1,Brésil,8343
2023,1,Canada,10483
2023,2,France,94785
2023,2,Espagne,60945
2023,2,Royaume-Uni,20777
2023,2,Italie,16856
2023,2,Allemagne,17743
2023,2,États-Unis,18117
2023,2,Belgique,11371
2023,2,Pays-Bas,13386
2023,2,Brésil,9199
2023,2,Canada,8933
2023,3,France,156859
2023,3,Espagne,68494
2023,3,Royaume-Uni,34550
2023,3,Italie,30399
2023,3,Allemagne,30697
2023,3,États-Unis,23647
2023,3,Belgique,18931
2023,3,Pays-Bas,14448
2023,3,Brésil,9370
2023,3,Canada,10311
2023,4,France,132549
2023,4,Espagne,92771
2023,4,Royaume-Uni,31580
2023,4,Italie,29528
2023,4,Allemagne,26828
2023,4,États-Unis,26558
2023,4,Belgique,21718
2023,4,Pays-Bas,17464
2023,4,Brésil,11584
2023,4,Canada,14441
2023,5,France,158628
2023,5,Espagne,106117
2023,5,Royaume-Uni,37743
2023,5,Italie,32126
2023,5,Allemagne,30925
2023,5,États-Unis,21783
2023,5,Belgique,18764
2023,5,Pays-Bas,19092
2023,5,Brésil,12634
2023,5,Canada,12737
2023,6,France,119433
2023,6,Espagne,86535
2023,6,Royaume-Uni,28207
2023,6,Italie,26238
2023,6,Allemagne,29309
2023,6,États-Unis,20470
2023,6,Belgique,16984
2023,6,Pays-Bas,17664
2023,6,Brésil,9711
2023,6,Canada,11339
2023,7,France,257346
2023,7,Espagne,129592
2023,7,Royaume-Uni,56004
2023,7,Italie,50071
2023,7,Allemagne,54562
2023,7,États-Unis,36570
2023,7,Belgique,30162
2023,7,Pays-Bas,31680
2023,7,Brésil,18331
2023,7,Canada,17336
2023,8,France,284287
2023,8,Espagne,175938
2023,8,Royaume-Uni,66788
2023,8,Italie,57917
2023,8,Allemagne,59677
2023,8,États-Unis,46362
2023,8,Belgique,33680
2023,8,Pays-Bas,28352
2023,8,Brésil,18356
2023,8,Canada,21435
2023,9,France,183575
2023,9,Espagne,121051
2023,9,Royaume-Uni,41730
2023,9,Italie,36237
2023,9,Allemagne,35033
2023,9,États-Unis,30708
2023,9,Belgique,26610
2023,9,Pays-Bas,21597
2023,9,Brésil,18194
2023,9,Canada,18480
2023,10,France,205729
2023,10,Espagne,103424
2023,10,Royaume-Uni,47047
2023,10,Italie,37245
2023,10,Allemagne,40667
2023,10,États-Unis,25562
2023,10,Belgique,18714
2023,10,Pays-Bas,18967
2023,10,Brésil,15993
2023,10,Canada,12438
2023,11,France,155654
2023,11,Espagne,90786
2023,11,Royaume-Uni,29132
2023,11,Italie,25044
2023,11,Allemagne,29975
2023,11,États-Unis,19418
2023,11,Belgique,18596
2023,11,Pays-Bas,18614
2023,11,Brésil,12784
2023,11,Canada,11166
2023,12,France,154545
2023,12,Espagne,82932
2023,12,Royaume-Uni,31423
2023,12,Italie,28190
2023,12,Allemagne,25051
2023,12,États-Unis,23784
2023,12,Belgique,17967
2023,12,Pays-Bas,18049
2023,12,Brésil,9477
2023,12,Canada,10409
2024,1,France,115713
2024,1,Espagne,86103
2024,1,Royaume-Uni,35088
2024,1,Italie,24619
2024,1,Allemagne,28943
2024,1,États-Unis,25048
2024,1,Belgique,15220
2024,1,Pays-Bas,15287
2024,1,Brésil,11197
2024,1,Canada,10306
2024,2,France,104344
2024,2,Espagne,68163
2024,2,Royaume-Uni,26503
2024,2,Italie,23978
2024,2,Allemagne,24296
2024,2,États-Unis,18460
2024,2,Belgique,11572
2024,2,Pays-Bas,15206
2024,2,Brésil,10030
2024,2,Canada,8240
2024,3,France,150032
2024,3,Espagne,90178
2024,3,Royaume-Uni,38031
2024,3,Italie,30924
2024,3,Allemagne,32918
2024,3,États-Unis,22076
2024,3,Belgique,15794
2024,3,Pays-Bas,20493
2024,3,Brésil,13813
2024,3,Canada,10819
2024,4,France,174086
2024,4,Espagne,120082
2024,4,Royaume-Uni,39571
2024,4,Italie,30192
2024,4,Allemagne,31678
2024,4,États-Unis,26773
2024,4,Belgique,23113
2024,4,Pays-Bas,24989
2024,4,Brésil,13348
2024,4,Canada,15893
2024,5,France,157848
2024,5,Espagne,123538
2024,5,Royaume-Uni,47111
2024,5,Italie,39461
2024,5,Allemagne,29807
2024,5,États-Unis,23642
2024,5,Belgique,18234
2024,5,Pays-Bas,20060
2024,5,Brésil,15519
2024,5,Canada,13688
2024,6,France,160135
2024,6,Espagne,100653
2024,6,Royaume-Uni,33326
2024,6,Italie,32623
2024,6,Allemagne,25600
2024,6,États-Unis,28660
2024,6,Belgique,16863
2024,6,Pays-Bas,19399
2024,6,Brésil,11619
2024,6,Canada,13648
2024,7,France,295079
2024,7,Espagne,161991
2024,7,Royaume-Uni,55601
2024,7,Italie,50458
2024,7,Allemagne,50904
2024,7,États-Unis,49089
2024,7,Belgique,32508
2024,7,Pays-Bas,33805
2024,7,Brésil,20602
2024,7,Canada,21364
2024,8,France,281424
2024,8,Espagne,184020
2024,8,Royaume-Uni,76397
2024,8,Italie,65528
2024,8,Allemagne,60350
2024,8,États-Unis,48383
2024,8,Belgique,41480
2024,8,Pays-Bas,43970
2024,8,Brésil,26534
2024,8,Canada,21372
2024,9,France,225670
2024,9,Espagne,145945
2024,9,Royaume-Uni,55180
2024,9,Italie,49703
2024,9,Allemagne,50953
2024,9,États-Unis,36893
2024,9,Belgique,26991
2024,9,Pays-Bas,27683
2024,9,Brésil,20114
2024,9,Canada,15853
2024,10,France,188096
2024,10,Espagne,106187
2024,10,Royaume-Uni,53411
2024,10,Italie,41904
2024,10,Allemagne,34255
2024,10,États-Unis,30753
2024,10,Belgique,20827
2024,10,Pays-Bas,27738
2024,10,Brésil,16283
2024,10,Canada,17053
2024,11,France,149482
2024,11,Espagne,79133
2024,11,Royaume-Uni,34955
2024,11,Italie,28719
2024,11,Allemagne,29577
2024,11,États-Unis,22964
2024,11,Belgique,19917
2024,11,Pays-Bas,17468
2024,11,Brésil,14448
2024,11,Canada,13859
2024,12,France,142244
2024,12,Espagne,105564
2024,12,Royaume-Uni,31877
2024,12,Italie,33730
2024,12,Allemagne,29901
2024,12,États-Unis,26032
2024,12,Belgique,15696
2024,12,Pays-Bas,21221
2024,12,Brésil,13345
2024,12,Canada,11747
2025,1,France,171658
2025,1,Espagne,78785
2025,1,Royaume-Uni,31829
2025,1,Italie,26218
2025,1,Allemagne,34976
2025,1,États-Unis,25394
2025,1,Belgique,20709
2025,1,Pays-Bas,17593
2025,1,Brésil,10268
2025,1,Canada,10392
2025,2,France,116201
2025,2,Espagne,82571
2025,2,Royaume-Uni,27519
2025,2,Italie,24474
2025,2,Allemagne,21996
2025,2,États-Unis,22791
2025,2,Belgique,17310
2025,2,Pays-Bas,14742
2025,2,Brésil,11085
2025,2,Canada,9176
2025,3,France,192600
2025,3,Espagne,122020
2025,3,Royaume-Uni,37483
2025,3,Italie,36073
2025,3,Allemagne,35481
2025,3,États-Unis,23433
2025,3,Belgique,23452
2025,3,Pays-Bas,22302
2025,3,Brésil,12126
2025,3,Canada,14548
2025,4,France,223888
2025,4,Espagne,142909
2025,4,Royaume-Uni,47188
2025,4,Italie,46038
2025,4,Allemagne,40823
2025,4,États-Unis,36782
2025,4,Belgique,24401
2025,4,Pays-Bas,20712
2025,4,Brésil,15417
2025,4,Canada,15720
2025,5,France,188671
2025,5,Espagne,115451
2025,5,Royaume-Uni,55167
2025,5,Italie,38864
2025,5,Allemagne,36881
2025,5,États-Unis,29040
2025,5,Belgique,28459
2025,5,Pays-Bas,24738
2025,5,Brésil,18730
2025,5,Canada,16309
2025,6,France,173986
2025,6,Espagne,89299
2025,6,Royaume-Uni,46685
2025,6,Italie,31241
2025,6,Allemagne,39704
2025,6,États-Unis,28862
2025,6,Belgique,20127
2025,6,Pays-Bas,18878
2025,6,Brésil,13277
2025,6,Canada,12433
2025,7,France,354624
2025,7,Espagne,174191
2025,7,Royaume-Uni,85631
2025,7,Italie,60888
2025,7,Allemagne,59274
2025,7,États-Unis,50639
2025,7,Belgique,41353
2025,7,Pays-Bas,41452
2025,7,Brésil,26667
2025,7,Canada,20978
2025,8,France,349741
2025,8,Espagne,244977
2025,8,Royaume-Uni,92980
2025,8,Italie,73602
2025,8,Allemagne,78610
2025,8,États-Unis,46765
2025,8,Belgique,41234
2025,8,Pays-Bas,46263
2025,8,Brésil,29676
2025,8,Canada,31918
2025,9,France,291657
2025,9,Espagne,169949
2025,9,Royaume-Uni,68011
2025,9,Italie,44430
2025,9,Allemagne,41983
2025,9,États-Unis,47212
2025,9,Belgique,27150
2025,9,Pays-Bas,32529
2025,9,Brésil,20094
2025,9,Canada,17097
2025,10,France,209848
2025,10,Espagne,126218
2025,10,Royaume-Uni,55836
2025,10,Italie,51519
2025,10,Allemagne,49274
2025,10,États-Unis,39051
2025,10,Belgique,23073
2025,10,Pays-Bas,31858
2025,10,Brésil,18536
2025,10,Canada,19597
2025,11,France,163709
2025,11,Espagne,120768
2025,11,Royaume-Uni,37427
2025,11,Italie,30368
2025,11,Allemagne,38083
2025,11,États-Unis,30940
2025,11,Belgique,17438
2025,11,Pays-Bas,21905
2025,11,Brésil,12850
2025,11,Canada,13288
2025,12,France,186909
2025,12,Espagne,105728
2025,12,Royaume-Uni,41825
2025,12,Italie,33621
2025,12,Allemagne,34905
2025,12,États-Unis,33335
2025,12,Belgique,24992
2025,12,Pays-Bas,23429
2025,12,Brésil,13649
2025,12,Canada,14178
2026,1,France,142432
2026,1,Espagne,85772
2026,1,Royaume-Uni,46108
2026,1,Italie,34089
2026,1,Allemagne,37732
2026,1,États-Unis,25300
2026,1,Belgique,22449
2026,1,Pays-Bas,23271
2026,1,Brésil,15132
2026,1,Canada,14374
2026,2,France,164355
2026,2,Espagne,77207
2026,2,Royaume-Uni,38311
2026,2,Italie,28404
2026,2,Allemagne,31223
2026,2,États-Unis,19304
2026,2,Belgique,14995
2026,2,Pays-Bas,15980
2026,2,Brésil,11658
2026,2,Canada,13116
2026,3,France,178576
2026,3,Espagne,124302
2026,3,Royaume-Uni,42427
2026,3,Italie,41550
2026,3,Allemagne,40717
2026,3,États-Unis,27029
2026,3,Belgique,21241
2026,3,Pays-Bas,21061
2026,3,Brésil,18482
2026,3,Canada,14170
2026,4,France,263368
2026,4,Espagne,143630
2026,4,Royaume-Uni,55349
2026,4,Italie,52369
2026,4,Allemagne,40259
2026,4,États-Unis,35486
2026,4,Belgique,25347
2026,4,Pays-Bas,31521
2026,4,Brésil,20705
2026,4,Canada,17080
2026,5,France,222052
2026,5,Espagne,128775
2026,5,Royaume-Uni,62258
2026,5,Italie,44494
2026,5,Allemagne,46667
2026,5,États-Unis,41039
2026,5,Belgique,30677
2026,5,Pays-Bas,27465
2026,5,Brésil,17598
2026,5,Canada,17165
2026,6,France,230826
2026,6,Espagne,109542
2026,6,Royaume-Uni,50366
2026,6,Italie,34567
2026,6,Allemagne,41054
2026,6,États-Unis,31874
2026,6,Belgique,22267
2026,6,Pays-Bas,28190
2026,6,Brésil,16278
2026,6,Canada,13545
2026,7,France,405367
2026,7,Espagne,193748
2026,7,Royaume-Uni,81980
2026,7,Italie,62503
2026,7,Allemagne,81276
2026,7,États-Unis,64035
2026,7,Belgique,36967
2026,7,Pays-Bas,46499
2026,7,Brésil,27325
2026,7,Canada,28654
2026,8,France,373745
2026,8,Espagne,253273
2026,8,Royaume-Uni,97113
2026,8,Italie,82582
2026,8,Allemagne,73367
2026,8,États-Unis,57426
2026,8,Belgique,51150
2026,8,Pays-Bas,42365
2026,8,Brésil,29925
2026,8,Canada,26883
2026,9,France,253050
2026,9,Espagne,201828
2026,9,Royaume-Uni,75761
2026,9,Italie,51896
2026,9,Allemagne,51829
2026,9,États-Unis,40545
2026,9,Belgique,40505
2026,9,Pays-Bas,35955
2026,9,Brésil,21668
2026,9,Canada,25900
2026,10,France,234693
2026,10,Espagne,131859
2026,10,Royaume-Uni,54248
2026,10,Italie,55044
2026,10,Allemagne,58064
2026,10,États-Unis,35197
2026,10,Belgique,34746
2026,10,Pays-Bas,28373
2026,10,Brésil,17354
2026,10,Canada,18686
2026,11,France,215298
2026,11,Espagne,100933
2026,11,Royaume-Uni,45368
2026,11,Italie,39500
2026,11,Allemagne,36758
2026,11,États-Unis,31220
2026,11,Belgique,24260
2026,11,Pays-Bas,28067
2026,11,Brésil,13307
2026,11,Canada,13793
2026,12,France,235214
2026,12,Espagne,110673
2026,12,Royaume-Uni,47565
2026,12,Italie,45978
2026,12,Allemagne,45956
2026,12,États-Unis,27353
2026,12,Belgique,25512
2026,12,Pays-Bas,28308
2026,12,Brésil,15159
2026,12,Canada,14354